Sr No,Blood Bank Name,phone_clean
1,G.B. Pant Hospital Blood bank,03192 230628
2,I.N.H.S. Dhanvantri,03192 248759
3,Pillar Health Centre Blood Bank,03192 233193
4,"Indian Red Cross Society Blood Bank, District Branch",08554 246344
5,Government General Hospital Blood Bank,08554 275024
6,Indian Red Cross Society,8554246344
7,Rural Development Trust Hospital Blood Bank,08559 244259
8,South Central Railway Hospital Blood Bank,08552 227166
9,Indian Red Cross Society Blood Bank,08556 225900
10,Indian Red Cross Society Blood bank RCH -II KADIRI,08494 221544
11,S.S.S.I.H.M.S. Blood Bank,08555 287900
12,District Head Quarters Hospital Blood Bank. ,9849229482
13,Indian Red Cross Society,8572220287
14,M/s IRCS Blood Bank.,08572 220287
15,M/s PESIMSR Blood Bank.,08570 256737
16,Blood Bank AH Madanapalli,8571222087
17,"Indian Red Cross Society, Madanapalli RCH 2",08571 222087
18,"Aswini Hospital Blood Bank, TTD",9490651605
19,SVRRGGH - Model Blood Bank,0877 2286290
20,Sri Venkateswara Institute of Medical sciences Blood Bank,0877 2287777
21,Govt Maternity Hospital Blood Bank,9949190197
22, TTD Central Hospital Blood Bank,0877 2264622
23,S.V.S. Charitable Trust Blood Bank and Transfusion Centre,0877 6667671
24,Government Hospital,9989106236
25,"M/S. Kims & Research Foundation, Hospital Blood Bank",08856 237996
26,M/s. A.P.V.V.P Area Hospital Blood Bank  ,09505152234
27,"M/s. Government General Hospital, Blood Bank.",0884 2302008
28,M/s. Indian Red Cross Society Blood Bank,0884 2385800
29,M/s. Rotary Blood Bank (Rotary Club Golden Jubilee Charitable Trust),0884 2367366
30,District Headquarters Hospital,9849520969
31,M/s. G. S. L. Medical College General Hospital Blood Bank,0883 2484999
32,"M/s. Swatantra Hospital,  Blood Bank",0883 2464745
33,M/S. Dhanwantari Voluntary Blood Bank.,0833-2473050
34,M/s. Government Area General Hospital Blood Bank.,08854 252333
35,M/s. Sakthi Voluntary Blood Bank (Sakthi Association for Social Awarness),08854 251123
36,Government General Hospital Blood Bank,0863 2220035
37,Indian Red Cross Society,9985322589
38,Indian Red Cross Society Blood Bank ,0863 2215656
39,Lions Club of Guntur Vision Blood Bank,0863 2336198
40,Padmavathi Day & Night Blood Bank,
41,M/s. Needs Blood Bank ,0863 6638222
42,M/s. Sri Lakshmi Maternity & Surgical Nursing Home Blood Bank ,0863 2219955
43,Saint Joseph General Hospital Blood Bank,0863 2322700
44,NTR Memorial Trust Blood Bank,0863 2339444
45,Katuri Medical College and Hospital Blood Bank ,0863 2288555
46,NRI Medical College and General Hospital Blood Bank,08645 236777
47,Manipal Hospital Bloodbank,0866 2489700
48,Indian Red Cross Society Blood Bank. Narassraopet,8647224455
49,NRT Blood Bank,9542628888
50,Anjireddy Multi Specality Blood Bank ,08649 254567
51,Red Cross Blood Bank,08648 223939
52,Area Hospital (Repeated),9866686760
53,APVVP District Hospital Blood Bank,
54,Rudhira Voluntary Blood Bank,08644 231222
55,Best Rotary Blood Bank,09849833321
56,Area Hospital Blood Bank,08674 245040
57,Dr. Pattabhi Red Cross Blood Bank ,08672 230605
58,Government General Hospital (Repeated),9866686760
59,Government District Headquarters Hospital machilipatnam blood bank,08672 245040
60,Rotary Red Cross Blood Bank,0866 2570082
61,Vijaya Sri Blood Bank,0866 2433199
62,Lions Blood Bank,0866 2434417
63,University General Hospital Blood Bank,0866 2452244
64,M/s. Chaitanya Blood Bank,0866 2497977
65,Nagarjuna Hospital Blood Bank,0866 2554701
66,Saint Ann&#39;s Hospital Blood Bank  ,0866 2572057
67,Rotary Red Cross Blood Bank (Repeated),2570082
68,Dr. Pinnamaneni Siddhartha Insitiute of Medical Sciences & Research Foundation (Dr.P.SIMS & RF) Blood Bank  ,08676 257311
69,Bethesda Blood Bank,0866 2435888
70,"Smt CH. Manju Vani Vara Prasad, Lions District 316D Blood Bank ",0866 2573636
71,Suraksha Voluntary Blood Bank,0866 2434499
72,M/s Ayush Nri Lepl Health Care Private Limited  ,0866 2541414
73,M/s. Nimra Institute of Medical Sciences ,0866 6500000
74,"RCH -II Blood Bank, Area Hospital, Adoni",9440503302
75,M/s. Indian Red Cross Society Blood Bank RCH 2,9440503302
76,M/s. Government General Hospital Blood Bank,9985676311
77,M/s. Indian Red Cross Society Blood Bank,08518 255347
78,M/s. Viswa Bharathi General Hospital Blood Bank,08518 283964
79,M/s. Viswa Bharathi Blood Bank,08518 22294
80,M/s. R.R. Hospital Blood Bank,08518 223131
81,District Hospital Blood Bank ,8514221033
82,M/s. Shantiram Medical College & General Hospital Blood Bank,
83,Government Hospital Blood Bank,
84,M/s. Area Hospital Blood Bank,8520026320
85,Indian Red Cross Society Blood bank,08596 223485
86,M/s. RIMS General Hospital Blood Bank,8592233310
87,Indian Red Cross Society Blood Bank,08592 236093
88,M/s. Life Line Volunytary Blood Bank,9247023117
89,M/s. Belief Blood Bank,08592 222345
90,Government Hospital Blood Bank,8008553616
91,M/s. Kanamarlapudi Koteswara Rao Indian Red Cross Society (IRCS) (REPEATED),08626 244766
92,M/s. APVVP Area Hospital Blood Bank,9247708602
93,M/s. Kanamarlapudi Koteswara Rao Indian Red Cross Society Blood Bank,08626 244766
94,Indian Red Cross Society Blood Bank,0861 2320470
95,District Headquarters Hospital (Repeated),92477088602
96,D.S.R. Headquarters Hospital Blood Bank,0861 2349277
97,Narayana Medical College & Hospital Blood Bank,0861 2317963
98,Gems Hospital Blood Bank,9391489207
99,GMR Varalakshmi Care Hospital Blood Bank,08941 253183
100,Rajiv Gandhi Institute of Medical Sciences (RIMS) General Hospital Blood Bank,08942 279679
101,Indian Red Cross Society (IRCS) Blood Bank,08942 226555
102,District Hospital,9848325561
103,M/s. NTR Area Hospital Blood Bank,08924 223340
104,M/s. Visakha Steel General Hospital Blood Bank,0891 2887722
105,M/s. INHS Kalyani Blood Bank,0891 2814028
106,M/s. Anil Neerukonda Hospital  Blood Bank,8912821111
107,M/s. King George Hospital (KGH) Blood Bank ,0891 2564891
108,M/s. Government Victoria Hospital Blood Bank,0891 2562637
109,M/s. Indian Red Cross Society Blood Bank ,0891 2703953
110,M/s. Rotary Blood Bank (Vishaka Port City Rotary Charitable Trust),0891 6534635
111,M/s. Apollo Hospital Heart & Kidney Centre Blood Bank,0891 2727272
112,M/s. Seven Hills Hospital Blood Bank,0891 6677777
113, A. S. Raja Voluntary Blood Bank,0891 2543436
114,M/s. Lions Club of Visakhapatnam Blod Bank Trust  ,0891 6692587
115,M/s. N.T.R. Memorial Trust Blood Bank ,0891 2565858
116,M/s. Gitam Institute of Medical Sciences and Research Blood Bank ,0891 2524777
117,M/s. Gayatri Vidya Parishad Institute of Health Care and Medical Technology,0891 2793741
118,"Indian Red Cross Society Blood Bank, RCH-II",08963 222088
119,District Headquarters Hospital Blood Bank,9440070099
120,Indian Red Cross Society Blood Bank,08922 272700
121,Srinivasa Nursing Home Blood Bank ,08922 275513
122,Maharaja Institute of Medical Sciences Blood Bank,08922 244394
123,ASN Raju Charitable Trust Blood Bank,08816 225556
124,Uddaraju Anandaraju Foundation Blood Bank,08816 230888
125,M/s. Government Headquarters Hospital Blood Bank,08812 220333
126,M/s. Indian Red Cross Society Component Blood Bank,08812 224722
127,M/s. Alluri Sitrarama Raju Academy of Medical Sciences Blood Bank,08812 288288
128,M/s. Good Samaritan Blood Bank,08812 246430
129,M/s. Indian Red Cross Society Blood Bank jangareddi gudem,08821 225305
130,Indian Red Cross Society Blood Bank narasapuram,08814 276656
131,Palakol Voluntary Blood Bank,08814 222678
132,Indian Red Cross Society Blood Bank Tanuku  (Repeated),8819221184
133,Dr. Mulla Pudi Harischandra Prasad Red Cross Blood Bank,08819 221184
134,Sri Buddala Narasimhamurty Voluntary Blood Bank,08819 225269
135,Rajiv Gandhi Institute of Medical Sciences Blood Bank,08562 225665
136,"Indian Red Cross Society, Blood Bank",08562 272829
137,Boga Parvathamma Blood Bank ,9440269795
138,Rajiv Gandhi Institute of Medical Sciences Blood Bank ,9703158194
139,Fathima Institute of Medical Sciences Blood Bank,08562 200505
140,District Hospital Blood Bank ,8106104334
141,A.P Vaidyavidhanaparishad Area Hospital Blood Bank,9985198393
142,A.P. Vaidyavidhanaparishad Area Hospital - IRCS Blood Bank ,9440978262
143,Changlang District Hospital Blood Bank,9436068812
144,Pasighat General Hospital Blood Bank,9436225890
145,Lohit District Hospital Blood Bank,9436633161
146,General Hospital Ziro  Blood Bank,08415000448
147,Ramakrishna Mission Hospital Blood bank,0360-221 2263
148,Arunachal State Hospital Blood Bank,08731981187
149,Tawang District Hospital Blood Bank,9402222155
150,Tawang District Hospital Blood Bank ,9402795155
151,District Hospital Blood Bank,
152,Upper Siang District Hospital Blood Bank,03777 222545
153,Upper Subansiri District Hospital Blood Bank,08794050827
154,West Siang District Hospital Blood Bank,9436056268
155,Fakhruddin Ali Ahmed (FAA) Medical College Hospital Blood Bank,03665 252088
156,Bongaigaon Civil Hospital Blood Bank,03664 228103
157,Lower Assam Hospital Blood Bank,3664230465
158,Silchar Medical College and Hospital Blood Bank,03842 229103
159,Indian Red Cross Children Hospital Blood Bank,9401854401
160,Barak Blood Bank and Clinical Research Centre,03842 222 185
161,Bongaigaon Refinery (BRPL) Hospital Blood Bank ,03664254669
162,Mangaldoi Civil Hospital Blood Bank,03713 222024
163,Dhemaji Civil Hospital Blood Bank,9678100660
164,Dhubri Civil Hospital Blood Bank,0366 223 2558
165,Assam Medical College and Hospital Blood Bank,3732303731
166,Dr. Damani&#39;s Nursing Home Blood Bank,0373 2300928
167,Aditya Diagnostic Hospital Blood Bank,0373 2302219
168,Sri Manta Sankardeva Hospital and Research Centre Blood Bank,00373 2327717
169,Dirial Central Hospital Blood Bank,09435181581
170,Oil India Limited Hospital Blood Bank,0374 2806356
171,Haflong Civil Hospital Blood Bank ,03673 236 555
172,Goalpara Civil Hospital Blood Bank,03663240337
173,Solace Hospital and Research centre Pvt.Ltd Blood bank,03663 240021
174,Kushal Konwar (KK) Civil Hospital Blood Bank,00377 428 0042
175,Vivekananda Kendra NRL Hospital Blood Bank,03776-266-566
176,S. K. Roy Civil Hospital Blood Bank ,03744 281443
177,Jorhat Medical College and Hospital Blood Bank ,0376 2370155
178,Air Force Hospital Blood Bank,9706054599
179,Greater Jorhat Lions Blood Bank,09854665019
180,Mahendra Mohan Choudhury (MMC) Hospital  Blood Bank,0361 2733004
181,Dispur Blood Bank,0825 399124
182,Saharia&#39;s Path Lab & Blood Bank,0361-2458595
183,International Hospital Blood Bank,3617135005
184,Hayat Hospital Blood Bank,0361-2475550
185,Rahman Hospital Private Limited Blood Bank,0361 233444
186,GNRC Institute of Medical Sciences Blood bank,03612227700
187,Central Hospital N. F. Railway Blood Bank,03612723762
188,G.N.R.C. Hospital Blood Bank,0361 2227700
189,Guwahati Medical College and Hospital (GMCH) State of The Art Model Blood Bank,0361 252 9457
190,Dr. B. Borooah Cancer Institute Blood Bank,0361 2472366
191,Assam Gujarat Voluntary Blood Bank and Research Centre,9864096134
192,Down Town Hospital Blood Bank ,00361 2332741
193,Ganga Hospital Blood Bank,0361 2454742
194, Surakhya  Blood Bank ,03612606665
195,Marwari Hospital and Research Centre Blood Bank,0361 2733737
196,151 Base Hospital Blood Bank,9959857437
197,Sanjevani Hospital Blood Bank,0361 2674892
198,Narayana Hrudayalaya Limited Blood Bank,3612680321
199,Diphu Civil Hospital Blood Bank,9435066080
200,Karimganj Civil Hospital Blood Bank,03843260490
201,R.N.B. Civil Hospital Blood Bank,03661 276436
202,North Lakhimpur Civil Hospital Blood Bank,03752 242240
203,Morigaon Civil Hospital Blood Bank,08011352918
204,Haji Abdul Majid Memorial Hospital and Research Centre Blood Bank,03674-252514
205,Divisional Railway Headquarters Hospital Blood Bank,9957553526
206,B.P. Civil Hospital Blood Bank,03672-251105
207,North East Blood Bank and Research Centre,03672 223351
208,S. M. K. Civil Hospital Blood Bank ,03624-223555
209,Nalbari Maternity Hospital Blood Bank,3624220840
210,O.N.G.C. Limited Hospital Blood Bank,9435717271
211,Pragati Hospital and Research Centre Blood Bank,9854041744
212,Sivasagar Civil Hospital Blood Bank,9435057007
213,Catholic Hospital Blood Bank,3715291162
214,Kanaklata Civil Hospital Blood Bank,003712-252999
215,155 Base Hospital Blood Bank,9435710555
216,Tezpur Medical College Hospital Blood Bank ,03712 241344
217,Indian Oil Corp Ltd (AOD) Hospital blood bank,03751-263515
218,Central Hospital  Coal India Limited,9435138053
219,Tinsukia Civil Hospital Blood Bank,0374 2308343
220,Tinsukia Blood Bank,0374 2332080
221,Sadar Hospital Aurangabad Blood Bank,06186 224533
222,Meera Nursing Home Blood Bank and Research Centre,06243 222250
223,Rastra Kavi Dinkar Blood Bank,06243 220072
224,Deshratna Rajendra Prasad Memorial Rotary Blood Bank,06243 243006
225,Jawaharlal Nehru Medical College Hospital (JNMCH) Blood Bank,0641 2409555
226,Sadar Hospital Ara (Bhojpur) Blood bank,7870307773
227,Sadar Hospital Ara Blood Bank,09507840742
228,Maa Vindhyawasini Blood Bank ,09835642642
229,Indian Red Cross Blood Bank (IRCS) Blood Bank,9386399967
230,Sadar Hospital Buxar Blood Bank,09431235353
231,Darbhanga Medical College and Hospital (DMCH) Regional Blood Bank,06272 233 092
232,"Indian Red Cross Society Blood Bank, Motihari",06252 22202
233,Duncan Hospital Blood Bank,06255 220653
234,Anugrah Narayan Memorial Magadh Medical College Hospital (ANMMCH) Blood Bank,0631 2410339
235,Bhagwan Mahabir Blood Bank,9931624863
236," Sadar Hospital, Gopalganj Blood Bank",06156-224754
237,Sadar Hospital Jamui Blood Bank,6345222820
238,"Amar Saheed Jagdeo Prasad, Sadar Hospital Jehanabad Blood Bank ",06114 225857
239,Sadar Hospital Kaimur (Bhabua) Blood Bank ,06189 223254
240,Katihar Medical College Blood Bank,06452 239202
241,"Sadar Hospital, Katihar Blood bank",9431634656
242,Sadar Hospital Khagaria Blood Bank ,06244 222 134
243,Mata Gujri Memorial Medical College & Lions Kenra Hospital Blood Bank ,06456-223476
244,Mata Gujri Memorial (MGM) Blood Bank,06456 223475
245,Sadar Hospital Kishanganj Blood Bank ,06456 223502
246,Sadar Hospital Lakhisarai Blood Bank ,6346232267
247,Sadar Hospital Madhepura Blood Bank ,9430039619
248,Sadar Hospital Madhubani Blood Bank,09431451650
249,Sadar Hospital Muzaffarpur Blood Bank,0625-2266055
250,Sinha Blood Bank Muzaffarpur,0621 2216140
251,Sri Krishna Medical College Hospital (SKMCH) Blood Bank ,0621 2233033
252,Krishna Devi Devi Prasad Kejriwal Maternity Hospital Blood bank,0621 2216309
253,Sadar Hospital Muzaffarpur Blood Bank,9431013092
254,Nalanda Blood Bank (A Unit of Janata Karah Kalyan Samaj),06112230856
255,"Red Cross Blood Bank, Sadar Hospital, Bihar Sharif",9709456019
256,Sadar Hospital Nawada Blood Bank ,
257, Hitech Emergency Hospital Blood Bank ,0612 3262107
258,Bharat Blood Bank,0612 2675213
259,Kurji Holy Family Hospital Blood Bank,0612 2252156
260,National Blood Bank & Resarch Center,0612 2355575
261,Nalanda Medical College and Hospital Blood Bank,0612-2918523
262,Military Hospital Blood Bank,
263,Lions Mahavir Cancer Sansthan Blood Bank,0612 2250127
264,Tripolia Social Service Hospital and Blood Bank,0612 2311065
265,Shashi Blood Bank,0612 2303365
266,Patliputra Blood Bank,0612 2300840
267,Bihar State Patna Medical College and Hospital (PMCH) Blood Bank,0612 2300334
268,Indian Red Cross Society (IRCS) Patna Blood Bank,0612 2201035
269,Jaiprabha Hospital Model Blood Bank (MBB),0612 2355805
270,Palm View Hospital Blood Bank,8968639027
271,Lions Jeewan Blood Bank ,0612 2365814
272,Paras HMRI Hospital Blood Bank,06127107828
273,Indira Gandhi Institute of Medical Sciences (IGIMS) Blood Bank ,0612 2297631
274,Life Line Blood Bank,0612 2301600
275, Vaatsalya Blood Bank,0612 2275657
276,Paras Hmri Hospital Blood Bank,0612 7107777
277,Ruban Memorial Hospital Blood Bank,0612 2270097
278,Jeevan Rekha Blood Bank,09334123578
279,Indian Red Cross Society (IRCS) Blood Bank,0654 244211
280,Sadar Hospital Purnia  Blood Bank ,09939213483
281,Bose Clinic Blood Bank,06184 25009
282,Sadar Hospital Sasaram Blood Bank,6184227105
283,Narayana Medical College and Hospital Blood Bank,06184 281888
284,Micro Blood Bank Sasaram,06184 226371
285,Sadar Hospital Saharsa Blood Bank ,9934712522
286,Indian Red Cross Society (IRCS) Samastipur Blood Bank ,09934296282
287,Sadar Hospital Samastipur Blood Bank ,06274 222 331
288,Sadar Hospital Chhapra Blood Bank ,078709 44325
289,Sadar Hospital Sheikhpura Blood Bank,06341 225172
290,Sadar Hospital Sitamarhi Blood Bank,9473264433
291, Sadar Hospital Siwan Blood Bank,082940 84226
292,P.N.H Mahatma Budh Educational and Research Centre Blood Bank ,06154 245245
293,Sadar Hospital Hajipur Blood Bank ,09473191934
294,Maharani Janki Kunwar (MJK) Hospital Blood Bank,
295,"Department of  Transfusion Medicine, PGIMER Blood Bank",0172 2756481
296,Rotary and Blood Bank Society Resource Centre,0172 2696057
297,Government Medical College and Hospital Blood Bank ,0172 2665253
298,Government Multispeciality Hospital Blood Bank,0172 2701288
299,District Hospital Blood Bank Baloda Bazar,
300,Maharani Hospital Blood Bank ,07782-225958
301,District Hospital Blood Bank Bemetara,
302,District Hospital Blood Bank Bijapur,
303,Chhattisgarh Insititute of Medical Sciences (CIMS) Blood Bank ,07752221425
304,Bilaspur District Hospital Blood Bank ,07752 421898
305,Meghani Blood Bank Bilaspur,
306,Apollo Hospital Blood Bank ,07752 248300 - 1030
307,"Shri Rawatpura Sarkar Lok Kalyan Trust, Bilasa Blood Bank ",7752656422
308,Ekta Blood Bank,9644108882
309,NMDC Apollo Hospital Blood Bank,07857 230050
310,District Hospital Blood Bank Dantewada,07856 252830
311,NMDC Project Hospital Blood Bank,7857255229
312,Dhamtari District Hospital Blood Bank ,9406015822
313,Dhamtari Christian Hospital,077222 40362
314,B.S.R. Cancer Hospital,7884085100
315,Chandulal Chandraker Memorial (C.C.M.) Medical College Blood Bank,0788 6006061
316,M/s Shri Shankaracharya Blood Bank,9893787838
317,Durg District Hospital  Blood Bank,7882219888
318,J.L.N Hospital & Research Center  Blood Bank,0788 2856020
319,Chandulal Chandrakar Memorial Hopsital Blood Bank,9993095031
320,"Gayatri Blood Bank, Durg",9425556825
321,Janjgir District Hospital Blood Bank ,9926728493
322,Jashpur District Hospital Blood Bank ,9406450174
323,Kawardha District Hospital Blood Bank  ,07741 235553
324,Kanker District Hospital Blood Bank  ,7868241063
325,"Indira Gandhi District Hospital Blood bank, Kobra",09589028750
326,Nehru Centenary Hospital Blood Bank,07815275309
327,"Bilash Blood Bank,KORBA",7759644655
328,Lions Blood Bank,07759-246951
329,"Distrcit Hospital Baikunthpur Blood bank, Korea",9425256793
330,Christian Hospital Blood Bank,775564003
331,Ramakrishna Mission Ashram Blood Bank,07781 252370
332,District Hospital Blood Bank Mahasamund,7723222203
333,District Hospital Blood Bank Raigarh ,9425572467
334,O.P. Jindal Hospital & Research Centre Blood Bank ,07762 - 227034
335,Sewa Blood Bank,07762 225400
336,"Dr B R Ambedkar Memorial Hospital, Model Blood Bank",0771 2890090
337,Indian Red Cross Society Blood Bank,0771 2880111
338,Thawait Blood Bank,0771 4221709
339,City Blood Bank,07714032241
340,Sai Sahara Blood Bank,0771 2551050
341,Narayana Hrudayalaya MMI Blood Bank,0771 4210902
342,United Blood Bank,077124 32002
343,SSD Blood Bank,0771 2432511
344,Chhattisgarh Blood Bank,0771 4088109
345,Bilasa Blood Bank,0771-4009304
346,Srishti Blood Bank,7354111119
347,Shree Narayana Hospital Blood Bank,0771 3001234
348,Rajdhani Blood Bank,0771 2292120
349,Evangelical Mission Hospital Blood Bank,07721 - 233599
350,Raipur Institute of Medical Science,0771-3053060-88 (29
351,Aashirwad Blood Bank,0771 4043768
352,AIIMS Blood Bank,8518881735
353,Medical college& Hospital Blood Bank Rajnandgaon,9425557320
354,bilasa blood bank rajnandgaon,
355,District Hospital Blood Bank Sukma,
356,District Hospital Blood Bank,9826757066
357,Surguja District Hospital Blood Bank ,9424257335
358,Holy Cross Hospital Blood Bank,077742 23733
359,Tej Blood Bank,07774 222666
360,Indian Red Cross Society (IRCS) Blood Bank,0260 2640911
361,Daman Raktadan Kendra,0260 2255110
362,Diu District Blood Bank,02875 252480
363,Indian Red Cross Society (IRCS) Blood Bank,011-23711551
364,Dr. Ram Manohar Lohia Hospital Blood Bank,01123404291
365,Sucheta Kriplani Hospital Blood Bank,011 23408271
366,Govind Ballabh (G.B.) Pant Hospital Blood Bank,011-23232011
367,"Regional Blood Tranfusion Center Blood bank, Central Zone",011 23233809
368,Kasturba Hospital Blood Bank,0112 3282915
369,Sir Ganga Ram Hospital Blood Bank,011 42251800
370,Lal Bahadur Shastri Hospital Blood Bank,011 22783633
371,Max Super Specialty Hospital Blood Bank,011 66242515
372,Dr. Hedgewar Arogaya Sansthan Blood bank,011 22301148
373,Lions Blood Bank East Delhi,011 43009747
374,Dharamshila Cancer Foundation and Research Centre Blood Bank,1143066436
375,Northern Railway Central Hospital Blood Bank,011 23747989
376,Pushpawati Singhania Research Institute Blood bank,1130611780
377,"Cardio Neuro Centre Blood Bank, AIIMS ",011 26593625
378,Hindu Rao Hospital Blood Bank,011 23905713
379,St. Stephen&#39;s Hospital Blood Bank,011 23966021
380,Sant Pramanand Hospital Blood Bank,011-23981260
381,Swami Dayanand Hospital Blood Bank,011 22581031
382,Mission Jan Jagriti Blood Bank,011 47053443
383,Central Poly Clinic Blood Bank,9811157559
384,Sushruta Trauma Centre Blood Bank,011 23906014
385,Sanjay Gandhi Memorial Hospital Blood Bank,011 27922843
386,Sunder Lal Jain Charitable Hospital Blood Bank,011 47030900
387,Max Super Specialty Hospital Blood Bank,011 66422222
388,Lions Blood Bank,011 42258080
389,Mission Jan Jagriti Blood Bank,011 30580345
390,Saroj Super Speciality Hospital  Blood Bank,011 47903333
391,Rajiv Gandhi Cancer Institute and Research Center Blood Bank,011 47022222
392,Dr. Baba Sahab Ambedkar Hospital Blood Bank,011 27049950
393,Delhi Heart and Lung Institute Blood Bank,011 42999999
394,Park Hospital Blood Bank,011 45323232
395,Fortis Hospital Blood Bank,011 45302282
396,Pitampura Blood Bank,08130999395
397,Brahm Shakti Hospital and Research Centre Blood Bank,011 27537894
398,Guru Tegh Bahadur Hospital Blood Bank,011 22590148
399,Holy Family Hospital Blood Bank,011 26332800
400,Batra Hospital and Medical Research Centre Blood Bank,011 29958747
401,All India Institute of Medical Sciences (AIIMS) Blood Bank,011 26594438
402,Safdarjung Hospital Blood Bank,011 26707254
403,Shri Moolchand Khariti-Ram Hospital and Ayurvedic Research Institute ,011 42000476
404,National Heart Institute Blood Bank,011 26414156
405,Max Super Specialty Hospital Blood Bank,011 26515050
406,Saket City Hospital Blood Bank,011 40699999
407,Rockland Hospital Qutab Blood Bank,011 47667357
408,Primus Ortho and Spine Hospital Blood Bank,011 66206630
409,White Cross Blood Bank,011 26831063
410,Rotary Blood Bank,011 29054068
411,Jai Prakash Narayan Apex Trauma Centre Blood Bank,011 26731166
412,Fortis Escort Heart Institute Blood Bank,011 26825053
413,Hakeem Abdul Hameed Centenary Hospital Blood Bank,011 26059668
414,Apollo Hospital Blood Bank,011 26925801
415,Armed Forces Transfusion Centre Blood Bank,011 23336685
416,Fortis Flt. Lt. Rajan Dhall Hospital Blood Bank,011 42776222
417,Institute of Liver and Biliary Sciences Blood Bank,011 46300000
418,Mata Chanan Devi Hospital Blood Bank,011 45582193
419,Bhagat Chandra Hospital Blood Bank,011 45254525
420,Indian Spinal Injuries Centre Blood Bank,011 42255387
421,Bensups Hospital Blood Bank,011 45017615
422,Blood Bank Organisation,011 25721870
423,E. S. I. Hospital Blood Bank,011 25970808
424,Maharaja Agrasen Hospital Blood Bank,011 40777777
425,Sri Balaji Action Medical Institute Blood Bank,011 42888888
426,Dr. B. L. Kapoor Memorial Hospital Blood Bank,011 30653095
427,Kalra Hospital and Shri Ram Cardiothoracic and Neurosciences Center (SRCNC) Blood Bank,011 45005700
428,"R.B.T.C (wz), Deen Dayal Upadhyay Hospital",011 25129345
429,Jaipur Golden Hospital Blood Bank,011 27907248
430,Jan Jagriti Blood Bank,09811210662
431,District Hospital Blood Bank ,0832 2253387
432,Goa Medical College Blood Bank,0832 2458724
433,Hospicio Hospital Blood Bank,0832 2703801
434,Apollo Victor Hospital Blood Bank,0832 2728888
435,SMRC&#39;s V. M. Salgaocar Hospital Blood Bank,0832 6691919
436,V. S. Hospital Blood Bank,079 26577621
437,Smt. Shardaben Hospital Blood Bank,079 22164261
438,L. G. Hospital Blood Bank,079 25461380
439,Civil Hospital Blood Bank,079 22683949
440,General Hospital Blood Bank Sola,079 27664349
441,Indian Red Cross Society Blood Bank,079 26651833
442,The Gujarat Cancer & Research Institute Blood Bank,079 22681451
443,Institute of Kidney Disease and Research Centre ,079 22687164
444,Help Voluntary Blood Bank  ,079 65136744
445,GUJARAT CANCER MEDICAL COLLEGE,079 6648138
446,General Hospital Blood Bank ,079 22745770
447,Military Hospital Blood Bank,7567980891
448,Dr. Jivraj Mehta  Smarak Health Foundation Blood Bank,079 22687164
449,Prathama Blood Centre,079 26600101
450,White Cross Blood Bank ,079 22815227
451,Adarsh Pathology Laboratory and Blood Bank,079 22749146
452,Gujarat Blood Bank Paldi,079 27413719
453,Karnavati Blood Bank and Pathology Lab,079 27415150
454,Cross World Voluntary Blood Bank ,079 26568004
455,Maha Gujarat Blood Bank,079 25451331
456,Supratech Voluntary Blood Bank,079 40058958
457,Sterling Hospital,7940011620
458,Ami Pathology Laboratory and Blood Bank,079 27501202
459,Gujarat Blood Bank Naranpura,079 27413719
460,Indian Red Cross Society Blood Bank,02792 223034
461,Indian Red Cross Society Blood Bank,02692 243406
462,Indu Voluntary Blood Bank,02692 259596
463,Ghanshyam Pathlology Laboratory and Blood Bank,02692 252744
464,Lions Club Khambat Blood Bank,02698 220516
465,A.D. Gorwala Karamsad Blood Bank  ,02692 228323
466,Indian Red Cross Society Blood Bank Petlad,02697 222251
467,Gandhi Lincon Hospital Blood Bank,02744 220172
468,"M. U. Pethani Voluntary Blood Bank, Palanpur",02742 246914
469,General Hospital Blood Bank Palanpur ,02742 253083
470,Gayatri Pathology Laboratory and Voluntary Blood Bank,02742 253475
471,Bhoomi Voluntary Blood Bank Palanpur,02742 260632
472,Vikas Voluntary Blood Bank,02744 230342
473,Dharti Voluntary Blood Bank,02748 222443
474,Saraswati Voluntary Blood Bank,02748 222011
475,Gayatri Voluntary Blood Bank,02744 230342
476,Adarsh Voluntary Blood Bank ,9879013952
477,Indian Red Cross Society Blood Bank,02642 244281
478,Kumarpal Gandhi Blood Bank,02646 244530
479,Sir T. General Hospital Blood Bank,0278 2520091
480,Bhavnagar Blood Bank,0278 2561526
481,Bambhaniya Voluntary Blood Bank,0278 2224744
482,Navkar Charitable Trust Mahuva Blood Bank,02844 224464
483,Smt. Sonalien A. Shah Blood Bank,0278 255361
484,Tulsi Pathology Laboratory and Blood Bank,02848 252707
485, Indian Red Cross Society Blood Bank ,02673 224422
486,Samarth Raktdan Kendra                                                             ,02673 223139
487,Kiran Voluntary Blood Bank                                                                       ,02673 246212
488,General Hospital Blood Bank Ahwa,02631 220205
489,"Indian Red Cross Society (IRCS), Kalol, Gandhinagar",02764 227836
490,"GMERS MEDICL COLLEGE ATTACHED GENERAL HOSPITAL, GANDHINAGAR",079 23221931
491,Shraddhadeep Pathology Lab and Blood Bank,079 23222474
492, Apollo Hospital International Limited Blood Bank,079 66701825
493,Indian Medical Association (IMA) Blood Bank,02763 270085
494,G.G.Hospital Blood Bank,0288 2661052
495,Jamnagar Voluntary Blood Bank,0288 2673339
496,General Hospital Blood Bank,02833 234704
497,Tata Chemical Limited Blood Bank Mithapur,9227887029
498,General Hospital Blood Bank Junagadh,0285 2651436
499,Divyajyoti Charitable Voulantary Blood Bank,02875 252410
500,Shri Jivanprakash Foundation Voluntary Blood Bank,0285 2630672
501,"Navjeevan Blood Bank and Clinical Laboratory,  Veraval",02876 221415
502,Navdeep Blood Bank  ,0285 2631127
503,"Sardar Patel voulantary Blood Bank, Keshod",02871 233353
504,"G.K. General Hospital Blood Bank, Bhuj",02832 250150
505,Rajabhai Patel Blood Bank (IMA),02836 257366
506,Mayur Voluntary Blood Bank   Mandvi,02832 231324
507,Jivan Jyot Blood Bank  ,02832 222812
508,"Matrushri Meghbai Pramji Jetha Hospital and Research Centre, Bhuj ",02832 231133
509,Indian Red Cross Society Blood Bank ,02691 263255
510,Indian Red Cross Society Blood Bank Nadiad,0268 2566944
511,Muljibhai Patel Urological Hospital Blood Bank,0268 2520323
512,Gujarat Methodist Church Cardiac Care and Research Society Blood Bank,0268 2555711
513,General Hospital Blood Bank Mehsana,02762 297301
514,Mehsana Jaycees Charitable Trust Blood Bank,02762 251252
515,"Sardar Seva Trust, Unjha Nagrik Sahkari Voluntary Blood Bank",02767 248755
516,Visnagar Voluntary Blood Bank,02765 220903
517,Indian Red Cross Society Blood Bank Navsari,02637 257452
518,Lions Medical Trust Blood Bank Chikhali,02634 234311
519,N. M. Patel Blood Bank Bilimora,02634 285913
520,Indian red Cross Society Blood Bank Godhara,02672 252830
521,"General Hospital Blood Bank Godhra, ",02672 243192
522,Raktdan Kendra Voluntary Blood Bank Godhra ,02672 650004
523,Seventilal Kantilal Blood Bank,02766 231477
524,GMERS Medical College and Hospital Blood Bank Dharpur ,02766 233311
525,"Bahansali Trust Raktdan Kendra, Radhanpur ",02746 277343
526,General Hospital Blood Bank Siddhpur,02767 223086
527,General Hospital Blood Bank Porbandar,0286 2242910
528,Asha Children Hospital and Blood Bank,0286 2210522
529,Shri Ram Blood Bank Porbandar,0286 2240092
530,Astha Voluntary Blood Bank Gondal,02825 220828
531,P.D.U. Medical College Blood Bank,0281 2450385
532,Rajkot Voluntary Blood Bank and Research Centre,0281 2234242
533,Red Cross Blood Bank Rajkot,0281 2466260
534, Saurastra Voluntary Blood Bank Rajkot,0281 2450301
535,General Hospital Blood Bank Morbi,02822 230538
536,Nationality Development Foundation Blood Bank Rajkot,0281 2480043
537,"Nathani Voluntary Blood Bank,  Rajkot ",0281 2480659
538,Shiv Voluntary Blood Bank Morbi,02822 292577
539,Jetpur Medical Foundation Trust Blood Bank Jetpur,02827 226123
540,Jagruti Charitable Trust Blood Bank Dhoraji,02824 222485
541,GMERS Medical College Attach Sir Pratap General Hospital Blood Bank,02772 246618
542,Indian Red Cross Society Blood Bank Himmatnagar,02772 240789
543,Patel Voluntary Blood Bank Modasa,9898651107
544,Trimurti Blood Bank,02778 251763
545,Late N.H. Ramani Memorial Voluntary Blood Bank and Navchetan Pathology Lab Modasa,02774 247890
546,New Civil Hospital Blood Bank,0261 2230909
547,Surat Raktdan Kendra,0261 2630114
548,"Lok Samarpan Raktadan Kendra, Surat",0261 2553020
549,Shree Mahavir Health And Medical Relief Society Blood Bank,0261 2471770
550,Shree Sardar Smarak Hospital Blood Bank,02622 220089
551,SMIMER Hospital Blood Bank,0261 2368040
552, Surat Health Care Foundation Blood Bank,0261 2401362
553,General Hospital Surendranagar Blood Bank,02752 222052
554,C. U. Shah Medical College and Hospital Blood Bank,02752 287041
555,Sharddha Voluntary Blood Bank and Pathology Laboratory Dhangadhra,02754 280301
556,Laxmiben Kushalbhai Patel Blood Bank ,02626 220251
557,Maliba Raktdan Kendra (IRCS),02626 290181
558,S. S. G. Hospital Vadodara,0265 2424848
559,Jamnabai Blood Bank,0265 2517400
560,"Medical Care Centre Trust, Shri Jalaram Blood Bank, Vadodara  ",0265 2464130
561,Suraktam Blood Bank Vadodara,0265 2363660
562,Kailash Cancer Hospital & Research Centre Blood Bank.,0265 3961300
563,GMERS Medical College and General Hospital Blood Bank,0265 2398008
564,Indu Blood Bank Vadodara,0265 2437676
565,Dhiraj General Blood Bank Vadodara,02668 225264
566,Bhailal Amin General Hospital Blood Bank,0265 2307038
567,SBPP Cooperative Bank Foundation Blood Bank,0260 2374422
568,General Hospital and GMERS Medical College Blood Bank,02632 251744
569,Valsad Raktdan Kendra,02632 242944
570,"Nukem Blood Bank, Vapi",0260 2430654
571,Smt. Puriben Popat Lakha Blood Bank,0260 2434600
572,Military Hospital Blood Bank Ambala,0171 2626557
573,MM Institute of Medical Sciences and Research Blood Bank,01731 304581
574,Sanjeevani Blood Bank,0171 4002002
575,General Hospital Blood Bank Ambala City ,01712554455
576,Philadelphia Mission Hospital Blood Bank,0171 2553295
577,General Hospital Bhiwani Blood Bank ,01664 253014
578,City Blood Bank,
579,Gold Field Hospital and Research Centre,0129 2209395
580,Badshah Khan General Hospital Blood Bank,0129 2411881
581,Escorts Hospital and Research Center Limited Blood Bank,0129 2466022
582,M/s Sunflag Hospital and Research Centre Blood Bank,0129 4199156
583,Sarvodaya Hospital and Research Centre,0129-4184444
584,QRG Central Hospital and Research Centre Blood Bank,0129 4090300
585,Sant Bhagat Singh Maharaj Ji Charitable Hospital Blood Bank,0129 402 9070
586,Asian Institute of Medical Sciences Blood Bank,0129 4253196
587,Metro Heart Institute with Multispecialty,0129 4277777
588,General Hospital Blood Bank Fatehabad,01667-222443
589,Jagdambe Blood Bank,01692 230692
590,Paras Health Care Private Limited Blood Bank,0124 4585555
591,Artemis Medicare Services Limited Blood Bank,0124-6767999
592,Medanta The Medicity Hospital Blood Bank,0124 4141414
593,Alchemist Institute of Medical Sciences Blood Bank,0124 4511111
594,SGT Medical College Hospital and Research Institute Blood Bank ,0124-2278186
595,Park Hospital Blood Bank,01244900037
596,Fortis Memorial Research Institute Blood Bank,0124 4962244
597,Fortis Memorial Research Institute Blood Bank,0124 4962251
598,"General Hospital Blood Bank, Gurugram",0124 2310102
599,Umkal Blood Bank,0124-4777000
600,VPS Rockland Hospital Blood bank,1244755555
601,"Columbia Asia Hospital - Palam Vihar, Blood Bank",0124 398 9896
602,Paras Hospital Blood Bank,0124-4585500
603,Nalwa Pathology and Microbiology Laboratory Blood Bank,01662-236218
604,Central Medical Centre (CMC) Hospital Blood Bank,01662 237476
605,Haryana Blood Bank,0166 2221740
606,Manglam Blood Bank,01662 248767
607,Hisar Blood Bank,01662 33291
608,Dr. Anant Ram Janta Hospital Blood Bank,0169 324 2096
609,"National Blood Bank, Kharab Hospital Blood Bank",01662 225900
610,Sarvodaya Blood Bank services,0166 223 1031
611,General Hospital Blood Bank Hisar,01662 275566
612,"Maharaja Agrasen Medical College, Agroha, Blood Bank",01669-281193
613,General Hospital Blood Bank Jhajjar,01251 252410
614,General Hospital Blood Bank Jind,01681 245454
615,National Blood Bank,
616,Gangaputra Hospital and Research Centre Blood Bank,01681 237238
617,Smt. Indira Gandhi Government Multispeciality Blood Bank,09416121227
618,Haryana Institute of Medical Sciences (HIMS) Hospital Blood Bank,
619,Kapisthal Blood Bank,01746-234874
620,General Hospital Blood Bank Karnal,0184 2268899
621,Nirmal Institute of Medical Sciences and Technology Blood Bank,0184 2201999
622,Pandit Ram Prakash Hospital and Kidney Centre Blood Bank,0184 2252401
623,Save Life Blood Bank,0184 2207557
624,LNJP District Government Hospital Blood Bank ,0174 429 2716
625,Kurukshetra Blood Bank,01744 291914
626,Adesh Blood Bank,01744-332000
627,Civil Hospital Narnaul ,01282-254288
628,General Hospital Blood Bank Mandikhera,1268661022
629,Shaheed Hasan Khan Mewati Government Medical College Blood Bank  ,01267 282007
630,Diamond Blood Bank LLT,01275 240240
631,General Hospital Blood Bank Palwal,01275 240099
632,Command Hospital Blood Bank,080908 00659
633,Alchemist Hospital Panchkula Blood Bank,0172-7122960
634,District Hospital Panchkula Blood Bank,0172 256 7228
635,N.C. Medical College and Hospital Blood Bank,
636,Red Cross Blood Bank,0180 4002049
637,Prem Blood Bank,0180 2697191
638,Bharat Blood Bank,0180 4019800
639,Panipat Blood Bank,0180 4011150
640,Cygnus Maharaja Aggarsain Hospital Blood Bank,8222000942
641,Rewari Blood Bank,01274 222607
642,General Hospital Rewari Blood Bank,01274 253101
643,Bharti Blood Bank,
644,Pandit Bhagwat Dayal Sharma Post Graduate Institute of Medical Sciences (PGIMS) Blood Bank,01262 211306
645,General Hospital Blood Bank Sirsa,01666241155
646,Shiv Shakti Blood Bank,01666 234735
647,Bapu Maghar Singh Ji International Blood Bank,0166 6238687
648,Bapu Maghar singh ji,
649,General Hospital Blood Bank Sonipat,0130 2231931
650,Sonipat Blood Bank,0130 2218999
651,Bhagat Phool Singh Government Medical College for Women Blood Bank,01263 283041
652,Shree MAA Blood Bank,01732 646206
653,MLGH Trauma Centre Yamuna Nagar Blood Bank ,0173 220 0106
654,Bilaspur Regional Hospital Blood bank,1978221080
655,Chamba Regional Hospital Blood Bank ,01899 222210
656,Bhota Charitable Hospital Blood Bank,01972 255096
657,Hamirpur Regional Hospital Blood bank,01972 222223
658, Dharamshala Zonal Hospital Blood Bank,01892 227595
659,Dr Rajendra Prasad Government Medical College (RPGMC) Blood Bank Tanda,1892267114
660,"Military Hospital,Yol Cant, Kangra",9882435845
661,Civil Hospital Blood Bank Palampur,01894 234101
662,Reckong Peo Regional Hospital Blood Bank ,01786 222922
663,Kullu Regional Hospital Blood Bank ,01902 224778
664,Netaji Subhash Chander Bose Zonal Hospital Blood Bank,01905 222213
665,Rohru Civil Hospital Blood Bank ,01781 240011
666,Indira Gandhi Medical College Blood Bank Shimla,0177 2883440
667,Deen Dayal Updhayay Hospital Blood Bank,0177 2658940
668,Kamla Nehru Hospital Blood Bank,0177 2624081
669,Mahatma Gandhi Medical Services Blood Bank Rampur,01782 233969
670,Nahan Regional Hospital Blood Bank ,01702 223344
671,Malhotra Super Speciality Hospital Blood Bank ,01795 275009
672,Maharishi Markendeshwar Medical College and Hospital Blood Bank,01792 395175
673, Solan Regional Hospital Blood Bank,01792 220159
674,Una Regional Hospital Blood Bank ,01975 226064
675,MMAB memorial District Hospital  Blood Bank Anantnag,01923 222170
676,Baramulla District Hospital Blood Bank,01952 234203
677,Chodana Sub-District Hospital Blood Bank,01951 257236
678,Budgam District Hospital Blood Bank ,1951255238
679,Doda District Hospital Blood Bank ,01996 233689
680,District Hospital Blood Bank Ganderbal ,0194 2416158
681,Government Hospital Blood Bank Gandhi Nagar,0191 2430041
682,Government Medical College and Hospital Blood Bank,0191 2584290
683,Sri Maharaja Gulab Singh (SMGS) Hospital Blood Bank,0191 2547635
684,Bee Enn General Hospital Blood Bank,1912555631
685,Sainik Asptal Blood Bank Satwari,0191 2456006
686,Acharya Shri Chander College of Medical Sciences and Hospital Blood Bank,0191 2662324
687,Kargil District Hospital (Kargil Ladakh Kashmir Division) Blood Bank ,001985-232213
688,Kathua District Hospital Blood Bank ,01922 234323
689,Kishtwar District Hospital Blood Bank  ,01995 261410
690,Kulgam District Hospital Blood Bank ,01931 260398
691,Handwara District Hospital Blood Bank,01955 262054
692,General Hospital Blood Bank,01982 254746
693,SNM Hospital Blood Bank,01982 252014
694,Raja Sukhdev Singh District Hospital Poonch,01965 220152
695,Pulwama District Hospital Blood Bank ,01933 241530
696,General Hospital Blood Bank (Army),01962 263921
697,Rajouri District Hospital Blood Bank ,01962 263209
698,Ramban District Hospital Blood Bank ,01988 266908
699,District Hospital Blood Bank Sambha ,9419118345
700,District Hospital Blood Bank Shopian ,01933 261845
701,Shri Maharaja Hari Singh (SMHS) Hospital Blood Bank,0194 2504801
702,92 Base Hospital Blood Bank,0194 24660009
703,Sher-I-Kashmir Institute of Medical Sciences (SKIMS) Blood bank,0194 2401013
704, Government Lal Ded Hospital Blood Bank,0194 2313714
705,Government Bone and Joint Surgery Hospital Blood Bank,1942432135
706,Jawahar Lal Nehru Memorial Hospital Blood Bank,0194 2507099
707,Command Hospital Blood Bank ,
708,Udhampur District Hospital Blood Bank ,01992-270402
709,Indian Red Cross Society Blood Bank Bokaro,06542 224555
710,Bokaro General Hospital Blood Bank,6542289076
711,K.M. Memorial Hospital & Research Center Blood Bank,0651 236188189
712,Deoghar Sadar Hospital Campus Blood Bank ,9431950386
713,Patliputra Medical college and Hospital (PMCH) Blood Bank Dhanbad,0326 2230301
714,Central Hospital Blood Bank BCCL Dhanbad,9470595563
715,S. N. Chakraborty Memorial Chakraborty Nursing Home Blood Bank,0326 2303621
716,Dwarka Das Jalan Memorial Hospital Bartand Blood Bank ,3262313525
717,Dumka Sadar Hospital Blood Bank ,6434236298
718,MGM Medical College Hospital Campus Blood Bank Jamshedpur,0657 2230092
719,Jamshedpur Blood Bank ,0657 2431957
720,Garhwa Sadar Hospital Campus Blood Bank ,06561 222005
721,Giridih Sadar Hospital Blood Bank ,06532 250357
722,Gumla Sadar Hospital Blood Bank ,9534032306
723,Hazaribag Sadar Hospital Blood Bank ,06546 265289
724,TISCO West Bokaro Hospital Blood Bank ,06545 262356
725,Koderma Sadar Hospital Blood Bank ,9334516895
726,Latehar Sadhar Hospital Blood Bank,9835589186
727,Lohardaga Sadar Hospital Blood Bank ,6526222235
728,Pakur Sadar Hospital Blood Bank ,9934347811
729,Palamu Sadar Hospital Blood Bank ,06562 222677
730,CCL Hospital Blood Bank Ramgarh,06553 231755
731,Military Hospital Blood Bank Ramgarh,06553 225055
732,Apurva Blood Bank Ramgarh,9304842607
733,"Heavy Engineering Corporation, Plant Hospital Blood Bank",0651 2444336
734,"Rajendra Institute of Medical Science (RIMS) Blood Bank, Bariyatu",6512540656
735,CCL Hospital Blood Bank Ranchi,0651 2230355
736,Indian Red Cross Society (IRCS) Blood Bank Morabadi,07091494670-75
737,Abdur Razzaque Memorial Weavers Hospital (ARAM) Blood Bank ,0651 7123123
738,Nagarmal Modi Seva Sadan Hospital Blood Bank,9234460464
739,Rinchi Trust Hospital Blood Bank,0651 6456780
740,Devkamal Hospital and Research Centre Blood Bank,7549000645
741,Gurunanak Hospital and Research Centre Blood Bank ,0651 2460506
742,Sainik Hospital Blood Bank Namkum,0651 2260245
743,Birsa Blood Bank Bariyatu,0651 2542437
744,Jharkhand Blood Bank Bariatu ,09334439995
745,Archi Blood Bank Jharkhand ,0651 6455072
746,Sahebganj Sadar Hospital Blood Bank ,06436 222050
747,Simdega Sadar Hospital Blood Bank ,9905101190
748,Chaibasa Sadar Hospital Blood Bank ,9279221139
749,Kiriburu Meghahatuburu General Hospital Blood Bank,06596 245025
750,TATA (TISCO) Hospital Blood bank,9234612775
751,Bagalkot Blood Bank,0835 220420
752,B. V. V. Sanghas HSK Hospital Blood Bank,08352 235410
753,District Hospital Blood Bank Bagalkot,0835 4236030
754,M/s. Vijay Mahant Blood Bank,08351 270838
755,Mounesh Hospital&#39;s The Jhamkandi Blood Bank,08353 22357
756,Ramanagoudar Hospital Blood Bank,08350 281999
757,M/s. Sai Aadhar Hospital Blood Bank,08350 282100
758,K.L.E.Society & Medical Research Centre Blood Bank,0832 2473777
759,Belgaum Blood Bank and Diagnostic Laboratory,0831 2425835
760,District Hospital Blood Bank,0831 2425073
761,Shree Mahaveer Blood Bank,0831 2430759
762,M/s. Sri Sai Blood Bank,0831 2496444
763,Rotary Charitable Trust Blood Bank,08338 221377
764,Rotary Seva Sangh Blood Bank,0831 225300
765,Medical College Hospital Blood Bank,08392 235356
766,District Hospital Blood Bank Bellary,
767,Swamy Vivekananda Charitable Blood Bank,0839 266938
768,Smt. Vasantidevi Baldota Blood Bank,0839 231901
769,Chiranjeevi Blood Bank,0839 262275
770,M/s. Sri Siddartha Medical College Hospital Blood Bank,9901669103
771,MVJ Medical College and Research Hospital Blood Bank,080 27931473
772,BGS Global Hospitals Blood Bank,080 26255555
773,Harsha Hospital Blood Bank,080 27723695
774,Narayana Hrudayalaya Blood Bank,080 27835000
775,Government Haji Sir Ismail Sait Gosha Hospital Blood Bank,080 2286 6529
776,Swamy Vivekananda Voluntary Blood Bank,080 22224044
777,M/s. Aster CMI Hospital Blood Bank,080 43420213
778,M/s. East Point Hospital Blood Bank Virgonagar,080 25136246
779,Unique Blood Bank & Diagnostic Centre,080 2600685
780,SHUSHRUTHA VOLUNTARY BLOOD BANK,080 23230777
781,Bengaluru Blood Bank and Diagnostic Laboratory,080 23347714
782,Bengaluru Rotary TTK Medical Service Trust Blood Bank,080 25293486
783,KIMS Hospital Blood Bank,080 26613225
784,Bangalore Baptist Hospital Blood Bank,080 22024700
785,Sanjaya Gandhi Accident Hospital and Research Institute Blood Bank,080 26564516
786,Victoria Hospital Blood Bank,080 26700001
787,M. S. Ramaiah Medical Teaching Hospital Blood Bank,080 22183100
788,Saint Martha&#39;s Hospital Blood Bank,080 40128243
789,Kidwai Memorial Institute of Oncology Blood Bank,080 26094082
790,Transfusion Medicine Centre Blood Bank,080 26995435
791,St. John&#39;s Medical College Blood Bank,080 22065045
792,Mallya Hospital Blood Bank,080 22277979
793,Hindustan Aeronautics Limited - HAL Hospital Blood Bank ,080 22314632
794,Saint Philomena Blood Bank,080 40164348
795,K. C. General Hospital Blood Bank,080 23343791
796,Command Hospital Blood Bank Air Force,080 25234632
797,E.S.I.Hospital Blood Bank,080 23013808
798,Rashtrotthana Blood Bank,080 26610916
799,Dr. B. R.Ambedkar Medical College Hospital Blood Bank,080 25463442
800,Hosmat Hospital Unit of Phisicare Services Private Limited Blood Bank,080 25593796
801,Grace Blood Bank and Laboratory,080 23431233
802,Sri Sathya Sai Institute of Higher Medical Sciences Blood Bank,080 28411500
803,Navarang Blood Bank,080 23521233
804,Bangalore Lions Service Trust - Lions Blood Bank,080 22266807
805,Sri Jayadeva Institute of Cardiology Blood Bank,080 22977213
806,Vydehi Institute of Medical Science Hospital Blood Bank,080 28410874
807,Akshay Voluntary Blood Bank,080 23147303
808,Bowring and Lady Curzon Hospitals Blood Bank,080 25591362
809,Kempegowda Medical Service Trust - Millennium Blood Bank,080 23571001
810,S. K. Voluntary Blood Bank,080 23103524
811,Indira Gandhi Child Institute of Health Blood Bank,080 22443143
812,Rajarajeshwari Medical College Hospital Blood Bank,080 65666768
813,Sanjeevini Trust Jayanagar Voluntary Blood Bank,080 26494748
814,Sri Vinayaka Charitable Trust  Jeeva Voluntary Blood Bank,080 25990583
815,Indian Red Cross Society - Karnataka Red Cross Blood Bank,080 22268435
816,Apollo Hospitals (Imperial Cancer Hospital and Research Centre) Blood Bank,080 26304050
817,Vijayanagar Hospital Blood Bank,080 23358800
818,Bangalore Institute of Oncology Blood Bank,080 40206121
819,Ocean Blood Bank,080 25552199
820,Rotary K. R. Hospital Blood Bank,080 28437393
821,Veerayoga Institute of Medical Sciences Speciality Hospitals Blood Bank,080 4269800
822,Columbia Asia Referral Hospital Blood Bank,080 39898968
823,Sagar Hospital Blood Bank,080 42999177
824,Fortis Hospital Private Limited Blood Bank,080 66214055
825,Fortis Hospital Private Limited Blood Bank,080 41994515
826,Sagar Hospital Blood Bank,080 26536712
827,Manipal Hospital Transfusion Services Blood Bank,080 25024357
828,Yashomathi Medicare and Research Centre Private Limited Blood Bank,080 43221019
829,Life Care Voluntary Blood Bank,080 22446923
830,The Oxford Medical College Hospital Blood Bank and Research Centre,8030847115
831,Sakra World Hospital Blood Bank,080 49694916
832,Dr.Rajkumar (Appaji) Blood Bank,080 22108108
833,Sri Shankara Cancer Hospital and Research Centre Blood Bank,080 26981101
834,Mediscope Blood Bank,080 25466554
835,Sapthagiri Hospital Blood Bank,080 22791638
836,The District Surgeon District Hospital Blood Bank,08482 220744
837,District Hospital Blood Bank Bijapur,08352 270108
838,B.L.D.E. Association&#39;s Medical College & Reserch Centre Blood Bank,0835 2262770
839,Lions Blood Bank,08352 22200050
840,Dr. B. N. M. Rural Ayurvedic Medical College and Hospital Blood Bank,0835 2655760
841,Al-Ameen Medical College Hospital Blood Bank,08352 270113
842,GMETS Dr. Goudars Blood Bank,08352 253604
843,District Hospital Blood Bank Chamarajanagar,08226 222067
844,Holy Cross Hospital Blood Bank,08226 263116
845,Indian Red Cross Society Blood Bank Chikkaballapur,08156 272118
846,Mallegowda District Hospital Blood Bank,08262 238083
847,Holy Cross Hospital Blood Bank,08262 220077
848,Sharada Dhanvantari Charitable Hospital Blood Bank,0826 220175
849,District Hospital Blood Bank Chitradurga,08194 234710
850,SJM Blood Bank Basaveshwara Medical College Hospital and Research Centre,08194 222054
851,Vasavi Blood Bank,08194 222666
852,Jyothi Hospital Blood Bank,0825 6233939
853,M/s. Indian Red Cross Society Blood Bank,08254 233111
854,Fr. Mullers Charitable Instituitions Blood Bank,0824 2238126
855,City Hospital Research and Diagnostic Centre Blood Bank,0824 221790
856,The District Surgeon - Wenlock District Hospital Blood Bank,0824 2413205
857,Yenepoya Medical College Blood Bank,0824 2204668
858,A. J. Hospital and Research Centre Blood Bank,0824 2225535
859,KMC University Medical Centre Blood Bank,0824 2444590
860,Srinivasa Institute of Medical Sciences and Research Centre Blood Bank,0824 2474883
861, M/s. Tejasvini Hospital Lions Blood Bank,0824 2225994
862,Indian Red Cross Society Blood Bank Mangalore,0824 2423755
863,Nitte University Blood Bank,0824 220447
864,M/s. Kanachur Hospital & Research Centre Blood Bank,08242 202982
865,Rotary Campco Blood Bank,0824 234242
866,General Hospital Blood Bank Puttur,08251 238258
867,K. V. G Medical College Hospital Blood Bank,0824 230326
868,Chigateri District Hospital Blood Bank,08192 272085
869,Bapuji Hospital Blood Bank,08192 253850
870,Davangere Blood Bank,08192 236655
871,Bapuji Educational Association S. S. Institute of Medical Sciences and Research Hospital Blood Bank,08192 266016
872,Karnataka Hemophillia Society Life Line Blood Bank,08192 231948
873,INDIAN RED CROSS SOCIETY,08192 252550
874,Rotary Club Dharwad Mid Town Charitable Trust - Rotary Blood Bank,0836 2746123
875,District Hospital Blood Bank Dharwad,0836 2747747
876,SDM College of Medical Sciences and Hospital Blood Bank,0836 2477262
877,Karnataka Medical College Hospital Blood Bank,080 2272908
878,M. R. Diagnostic Research Centre and Blood Bank,0836 2253450
879,The Karnataka Cancer Therapy and Research Institute Smt. Valbai N. Dharamsey Blood Bank,0836 2228217
880,Jeevanavar Blood Bank,0836 2278320
881,Hubli Lions Blood Bank,0836 2258080
882,Sha Damji Jadavji Chheda Memorial Rashtrotthana Blood Bank,0836 2358838
883,Life Line 24x7 Blood Bank,0836 2330000
884,M/s. Suchirayu Healthcare Limited Blood Bank,0836 2239000
885,IMA Blood Bank,08372 253955
886,Gadag Institute of Medical Sciences & District Hospital Blood Bank,08372 297214
887,Sri. Chamarajendra District Hospital Blood Bank,08172 252330
888,Jeeva Raksha Blood Bank,08172 26204
889,Manjunath Orthopaedic and Trauma Centre Hospital Blood Bank,08172 266124
890,District Hospital Blood Bank Haveri,0837 5232222
891,HKES Blood Bank Organisation,08472 220307
892,District Hospital Blood Bank,08472 2240630
893,Health Care Blood Bank,08472 261886
894,Khaja Banda Nawaz Teaching and General Hospital Blood Bank,0847 2223458
895,M/s. Vaatsalya Life Hospitals Navajeeva Blood Bank,08472 240066
896,M/s. Medicare Multispeciality Hospital Blood Bank,08472 262524
897,District Hospital Blood Bank,08272 223445
898,Sambrama Institute of Medical Sciences & Research Hospital Blood Bank,08153 263230
899,General Hospital Robertson Peth Blood Bank,08253 271041
900,S.N.R. District Hospital Blood Bank,08152 222035
901,BEML Medical Centre Bharat Earth Movers Limited Blood Bank,08153 263208
902,R. L. Jalappa Hospital and Research Centre Blood Bank,9480849818
903,Gopi Blood Bank,08533 272191
904,Indian Red Cross Koppal District Branch Blood Bank,0853 9225088
905,Adichunchanagiri Hospital and Research Centre Blood Bank,08232 287433
906,District Hospital Blood Bank Mandya,0832 224040
907,MDC Voluntary Blood Bank,08232 231665
908,Vikarm Hospital Blood Bank,08232 402121
909,Holdsworth Memorial Mission Hospital Blood Bank,0821 2521650
910,Bassappa Memorial Hospital Blood Bank,0821 2511671
911,B. G. S. Apollo Hospital Blood Bank,0821 2566666
912,Vikram Hospital and Heart Centre Blood Bank,0821 2412121
913,Rotary Mysore Chandrakala Hospital Blood Bank,0821 4288638
914,Jeevadhara Voluntary Blood Bank ,0821 2444936
915,Nuveen Medical Relief and research Foundation Blood Bank,0821 2496688
916,Cauvery Hospital Blood Bank,0821 2425000
917,Kamakshi Hospital Blood Bank,0821 2545981
918,Narayana Hrudayalaya - Surgical Hospital Private Limited Blood Bank,0821 7122222
919,J. S. S. Hospital Blood Bank,0821 2335009
920,K. R. Hospital Blood Bank,0821 2429800
921,Railway Hospital Blood Bank,0821 2517238
922,Hutti Gold Hospital Blood Bank,08532 275049
923,Indian Medical Association Blood Bank,08532 226608
924,Navodaya Medical College Hospital and Research Centre Blood Bank,08532 223361
925,Raichur Institute of Medical Sciences Teaching Hospital (RIMS) Blood Bank,9972777381
926,Sri Shakti Blood Bank,0853 5220299
927,M/S Indian Red Cross Society,080 2727200
928,Jeevadhara Blood Bank,08182 263770
929,VISL Hospital Blood Bank,08182 271620
930,McGann Hospital Blood Bank,08182 222412
931,Shimoga Mid Town Rotary Charity Foundation Blood Bank,08182 274333
932,Subbaiah Medical College Blood Bank,08182 277505
933,M/s. Sahyadri Narayana Multispeciality Hospital Blood Bank,08182 221577
934,Red Cross Sanjeevini Blood Bank,08182 228855
935,Sri Sidhartha Medical College Blood Bank,08162 278867
936,District Hospital Blood Bank Tumkur,08162 257404
937,J.C. Voluntary Blood Bank,08162 272980
938,Vijaya Hospital Blood Bank,0816 2257762
939,Rotary Tumkur Central Belli Blood Bank,0816 225277
940,Sri Shridevi Charitable Trust - Sreedevi Institute of Medical Sciences & Research Hospital Blood Bank,7259033424
941,Kasturba Hospital Blood Bank,0820 2922331
942,District Hospital Blood Bank Udupi,0820 2520555
943,K. L. E. Society Blood Bank,08388 230257
944,District Hospital Blood Bank Karwar,0838 2226318
945,Pandit General Hospital Blood Bank,0838 2223066
946,The Uttara Kannada Blood Bank and Health Services Society,08382 221851
947,Shripad Hegde Kadave Institute of Medical Sciences Blood Bank,0838 6221851
948,M/s. Indian Red Cross Society Blood Bank Yadgir,08473 250355
949,K. V. M. Hospital Blood Bank,0477 2812228
950,Woman and Child Hospital Blood Bank,0477 2251151
951,Central Travancore Specialist Hospital Limited Blood Bank,
952,M/s. Sanjivani Multispeciality Hospital Blood Bank,0479 2350030
953,Century Hospital Blood Bank,0479 2468710
954,Sacred Heart Hospital Blood Bank,0478 2822337
955,V. S. M. Hospital Blood Bank,0479 2304222
956,Chitra Hospital Blood Bank,
957,T. D. Medical College Hospital Blood Bank Alappuzha ,0477 2282709
958,M/s. Rajagiri Healthcare and Education Trust Blood Bank,0484 6655618
959,Regional Blood Transfusion Centre - District Hospital,0484 2625101
960,Carmel Hospital Blood Bank,0484 2625346
961,Little Flower Hospital Blood Bank,0484 3096666
962,Aster Medicity - Aster DM Healthcare Private Limited Blood Bank,0484 2373434
963,General Hospital Blood Bank ,0484 2366426
964,INHS Sanjeevini Naval Base Blood Bank,0484 2662366
965,IMA Voluntary Donor Blood Bank,0484 2361549
966,Lisie Hospital Blood Bank,0484 2400812
967,Malankara Orthodox Syrian Church Medical Mission Hospital Blood Bank,0484 3055555
968,Amritha Institute of Medical Sciences Research Centre Blood Bank,0484 4001234
969,Medical Trust Hospital Blood Bank,0484 2358001
970,Government Medical College Ernakulam Blood Bank,0484 2754813
971,P. V. S. Memorial Hospital Limited Blood Bank,0484 4182888
972,Samaritan Hospital Blood Bank,0484 2680511
973,Lourdes Hospital Blood Bank,0484 4123456
974,Sunrise Institute of Medical Sciences Private Limited Blood Bank,0484 4160000
975,Devamatha Hospital Blood Bank,0485 2252271
976,Mar Baselius Medical Mission Hospital Blood Bank,0485 2822203
977,Saint Joseph Hospital Blood Bank,0485 2862391
978,Lakeshore HospitalandResearch Centre Limited Blood Bank,0484 2701033
979,Nirmala Medical Center Blood Bank,0485 2835343
980,Sree Narayana Institute of Medical Sciences Blood Bank,0484 2479199
981,Sanjoe Hospital Blood Bank,0484 2522251
982,Morning Star Medical Centre Blood Bank,04864 222114
983,Saint Johns Hospital Blood Bank,04868 272239
984,Mundakkayam Medical Trust (M.M.T.) Hospital Blood Bank ,04869 280356
985,Tata Tea Limited General Hospital Blood Bank,
986,Alphonsa Hospital Blood Bank,04868 263873
987,District Hospital Blood Bank,0486 2232474
988,Holy Family Hospital Blood Bank,04862 222231
989,I. M. A. Blood Bank Society,0486 2329400
990,M/s. Al-Azhar Medical College & Super Speciality Hospital Blood Bank,04862 223000
991,Sara Memorial Medical laboratory and Blood Bank,0497 2767368
992,Kannur Medical college and Hospital (Prestige educational Trust) Blood Bank,0497 2855001
993,Saint Martin De Porres Hospital Blood Bank,0497 2860223
994,Cannannore Co-operative Hospital Society Blood Bank,0490 2341604
995,District Hospital Blood Bank,0497 2733500
996,Kerala State Co-operative Hospital Complex and Centre for Advanced Medical Services Limited,0497 2808080
997,The Payyannur Co-operative Hospital Society Limited,04985 207372
998,Josgiri Hospital Blood Bank,0490 2341130
999,Tellichery Co-operative Hospital Blood Bank,0490 2325306
1000,General Hospital Blood Bank,0490 5326050
1001,Malabar Cancer Centre Society Blood Bank,0490 2355881
1002,"District Hospital Blood Bank,Kanhangad",0467 2204333
1003,Medical diagnostic Centre Blood Bank,0467 2209712
1004,Community Health Centre (T.H.Q) - General Hospital Blood Bank,0499 4225580
1005,Saint Joseph Hospital Blood Bank,0475 2271341
1006,District Hospital Blood Bank,0474 2768667
1007,Bishop Benziger Hospital Blood Bank,0474 2768204
1008,I.M.A.Blood Bank,0474 2766551
1009,S.N.Trust Medical Mission Sankar Memorial Hospital Blood Bank,0474 3918424
1010,Upasana Hospital Blood Bank,04742 762888
1011,Taluk Head Quarters Hospital Blood Bank,0474 2452610
1012,Holy Cross Hospital Blood Bank,0474 2530121
1013,Padmavathy Medical Foundation Blood Bank,0476 2831408
1014,Azeezia Medical College Blood Bank,0474 3069200
1015,Quilon Medical Trust Blood Bank Kollam,0474 3069999
1016,M/s. Employee&#39;s State Insurance Corporation (ESIC) Blood Bank,9447266839
1017,Saint Joseph Hospital Blood Bank,0475 2352333
1018,Government Hospital Blood Bank,0475 2222702
1019,Rotary Blood Bank,0481 2567403
1020,Immaculate Heart of Mary Hospital Blood Bank,0472 2236158
1021,Mary Queens Mission Hospital Blood Bank,0482 8202460
1022,Little Lourde Mission Hospital Blood Bank,0482 2254156
1023,District Hospital Blood Bank,0481 2563611
1024,Medical College Hospital Blood Bank,0481 2592220
1025,M/s. Bharath Charitable Hospital Society Blood Bank,0481 2582947
1026,Saint Thomas Hospital Blood Bank,0481 2721797
1027,MUM Hospital Blood Bank,0482 2242222
1028,Holy Ghost Mission Hospital Blood Bank,0482 9283202
1029,S. H. Medical Centre Blood Bank,0481 2562240
1030,Carmel Medical Centre Blood Bank,0482 2212785
1031,Marian Medical Centre Blood Bank,0482 2215519
1032,Believers Church Medical College Hospital Blood Bank,0469 3023100
1033,Velankanni Matha Hospital Private Limited Blood Bank,0481 2790920
1034,Caritas Hospital Blood Bank,0481 2790025
1035,Indo American Hospital - Brainand Spine Centre Blood Bank,
1036,P. V. S. Hospital Private Limited Blood Bank,0495 2705045
1037,MMC Hospital Blood Bank,0496 2701666
1038,Metro International Cardiac Centre Blood Bank,0495 6615555
1039,Mar Gregorious Diocese Memorial Muthoot Hospital Blood Bank,
1040,Kozhikode District Co-operative Hospital Blood Bank,0495 2766820
1041,Government Woman and Child Hospital Blood Bank,04952 721998
1042,Government General Hospital Blood Bank,0495 2365367
1043,Medical College Hospital Blood Bank,04952 351134
1044,Baby Memorial Hospital Blood Bank,0495 2777777
1045,Fathima Hospital Blood Bank,0495 2766630
1046,K M C T Hospital Blood Bank,0495 2293500
1047,Malabar Institute of Medical Sciences Blood Bank,0483 2807000
1048,National Hospital Blood Bank,0495 2723061
1049,IQRAA Hospital Blood Bank,0495 2379100
1050,Nirmala Hospital Blood Bank,0495 2730211
1051,Saint Joseph Hospital Blood Bank,0495 2298536
1052,Santhi Hospital Blood Bank,0495 2282550
1053,Badagara sahakarana Asupathri Limited Blood Bank,0496 2520600
1054,Edappal Hospital Private Limited Blood Bank,0494 2660200
1055,Sree Valsam Institute of Medical Sciences Blood Bank,0494 2661000
1056,Malabar Institute of Medical Sciences Blood Bank - Malappuram,0483 2807000
1057,Almas Hospital Blood Bank - Chankuvatty,0483 2748536
1058,Orchid Institute of Health Care and Research Private Limited Blood Bank,0483-2734279
1059,District Hospital Blood Bank Manjeri,0483 2766880
1060,Korambayil Hospital Blood Bank,0483 2766573
1061,Al-Shifa Hospital Private Limited,04933 299160
1062,M. E. S. Medical College Blood Bank,04933 298300
1063,Government Hospital -Taluk Head Quarters Hospital Blood Bank ,0493 3226505
1064,Taluk Head Quarters Hospital,0494 2422044
1065,Karuna Medical College Hospital Blood Bank,04923 221792
1066,Mother Care Hospital Blood Bank,04924 232600
1067,Valluvanad Hospital Blood Bank,0466 2244405
1068,District Hospital,0491 2534524
1069,Palakkad Blood Bank,0491 2505066
1070,Holy Cross Hospital Blood Bank,04734 2282466
1071,Lifeline Super Speciality Hospital Blood Bank,04734 223377
1072,Mar Gregorious Memorial Muthoot Medical Centre Blood Bank,0468 2314000
1073,Poyanil Hospital Blood Bank,0468 2310600
1074,Fellowship Mission Hospital Blood Bank,0469 2664249
1075,Archana Hospital Blood Bank Pandalam,
1076,Chithra Hospital Blood Bank,04734 2252865
1077,General Hospital Blood Bank ,0468 2222364
1078,Menathottam Hospital Blood Bank,04735 226227
1079,Pushpagiri Hospital Blood Bank,0469 270 0755
1080,Thiruvalla Medical Mission Hospital Blood Bank,0469 2626096
1081,Taluk Head Quarter Hospital Blood Bank,0470 2646565
1082,Dr. Somervel CSI Mission Hospital Blood Bank,0471 2250506
1083,P. N. M. Hospital Blood Bank,
1084,NIMS Hospital Blood Bank,0471 3951111
1085,General Hospital Blood Bank,0471 2307874
1086,Medical College Hospital Blood Bank,0471 2528230
1087,Regional Cancer Centre Blood Bank,0471 2443128
1088,Sri Chitra Thirunal Institute of Medical Science and Technology Blood Bank,0471 2524477
1089,Women and Children Hospital Blood Bank,0471 2323457
1090,Ananthapuri Hospital and Research Institute Blood Bank,0471 2506565
1091,Cosmopolitan Hospitals Private Hospital Blood Bank,0471 2521188
1092,Kerala Institute of Medical Sciences Blood Bank,0471 3041222
1093,PRS Hospital Private Limited Blood Bank,0471 2913000
1094,Sivagiri SreeNarayana Medical Mission Blood Bank,0470 2602249
1095,Sree Uthradam Thirunal Hospital Blood Bank,0471 4077777
1096,Superior Blood Bank,0471 2334456
1097,M/s. S R Super Speciality Hospital Blood Bank,0470 2611176
1098,S U T Royal Hospital Blood Bank,0471 4177777
1099,M/s. Ruckmoni Memorial Devi Hospital Blood Bank,0471 2242027
1100,Sree Gokulam Medical College and Research Foundation Blood Bank,0472 3041234
1101,Thrissur Metropolitan Health Care Private Limited Blood Bank,0487 2425125
1102,Amala Cancer Hospital and Research Centre Blood Bank,0487 2304000
1103,Saint James Hospital Blood Bank,0480 2710271
1104,Saint Josephs Hospital Blood Bank,04885 237185
1105,Mary Immaculate Mission Hospital Blood Bank,0487 2290237
1106,Modern Medical Blood Bank,0480 3953397
1107,Elite Mission Hospital Blood Bank,0487 2429322
1108,Royal Hospital Blood Bank,04885 222133
1109,Unity Hospital Private Limited Blood Bank,04885 222811
1110,Maria Theresa Hospital Blood Bank,
1111,Medical College Hospital Blood Bank,0487 2200310
1112,Mother Hospital Blood Bank,0487 2434100
1113,Sacred Heart Mission Hospital Blood Bank,0480 2826545
1114,West Fort Hitech Hospital Blood Bank,0487 2388999
1115,Janakeeya Samithy (Arogyam) I.M.A Blood Bank Complex and Research Centre ,0487 2323964
1116,District Hospital Blood Bank ,0487 2427778
1117,Aswini Hospital Private Limited Blood Bank,0487 6612345
1118,Bishop Alappat Mission Hospital Blood Bank,0480 2670267
1119,Jubilee Mission Hospital Blood Bank,0487 2432200
1120,Malankara Orthodox Syrian Church Medical Mission Hospital Blood Bank,04885 222944
1121,Thrichur Heart Hospital Limited Blood Bank,0487 2433101
1122,West Fort Hospital Blood Bank Thrissur,0487 2382130
1123,M/s. Ahalia International Foundation Blood Bank,04923 225555
1124,M/s. Leo Hospital Blood Bank,04936 202550
1125,District Hospital Blood Bank,0493 5245026
1126,D. M. Wayanad Institute of Medical Sciences Blood Bank,04936 287000
1127,Government Taluk Head Quarters Hospital Blood Bank,0493 6223920
1128,Indira Gandhi Hospital Blood Bank,
1129,District Hospital Blood Bank,07394 235504
1130,Ashoknagar Seva Samiti Blood Bank,07543 222522
1131,District Hospital Balaghat,7632240799
1132,Agrawal Blood Bank,07632 240022
1133,District Hospital Blood Bank,07290 222025
1134,District Hospital Blood Bank,07141 233250
1135,Padhar Hospital Blood Bank,07141 263227
1136,WCL Hospital Blood Bank Pathakheda ,07146 270210
1137,District Hospital Blood Bank,07534 234074
1138,Chirayu Medical College and Hospital Blood Bank,0755 6679000
1139,Gandhi Medical College Blood Bank,0755 4050148
1140,Bhopal Memorial Hospital and Research Centre Blood Bank,0755 2742212
1141,District Hospital Blood Bank,0755 2556812
1142,IGH Gas Rahat Blood Bank,0755 2713100
1143,Indian Red7091 Cross Society (IRCS) Blood Bank,0755 2526108
1144,Kasturba Hospital BHEL Blood Bank,0755 2505304
1145,MP Thelasmia Kid Care Society Blood Bank,0755 2538891
1146,Tatpar Pathology and Diagnostic Centre Blood Bank,0755 2576466
1147,Jawahar Lal Nehru Cancer Hospital and Research Centre Blood Bank,0755 4255682
1148,People Hospital Blood Bank,0755 4005227
1149,New Bhopal Blood Bank,0755 3206332
1150,Arpan Blood Bank,0755 4090142
1151,Chirayu Health and Medicare Blood Bank ,0755 2737401
1152,City Blood Bank of Bhojpal Charitable Trust,0755 3295144
1153,JK Hospital and Medical Research Centre Blood Bank,0755 4087000
1154,Manas Blood Bank of Chinmayi Swasthya Seva Sadhbhav Shikshan Samiti,0755 4250909
1155,RKDF Medical College Hospital and Research Centre Blood Bank,0755 6710300
1156,Bansal Hospital Redefining Healthcare Blood Bank,0755 7086000
1157,District Hospital,07325-251166
1158,Chandubhai Somabhai Patel Blood Bank ,07325 255133
1159,District Hospital Blood Bank,07682 248312
1160,WCL Badkui Hospital Chhindwara Blood Bank,07162 220249
1161,District Hospital Blood Bank,07162 243442
1162,District Hospital Blood Bank,07812 222183
1163,Madhav Smriti Seva Nyas Blood Bank,0781 2226888
1164,District Hospital Blood Bank,07522 238624
1165,District Hospital Blood Bank,07272 251718
1166,Vishnuprabha Charitable Trust Blood Bank,07272 253110
1167,District Hospital Blood Bank ,07292 235246
1168,Mittal Hospital Blood Bank,07292 222451
1169,District Hospital Blood Bank,07644 234962
1170,District Hospital Blood Bank,0733 2230779
1171,Deep Blood Bank,0733 2224705
1172,District Hospital Blood Bank,07542 250312
1173,Kanchan Medicare and Research Centre Private Limited Blood Bank,07542 226720
1174,Indian Red Cross Society (IRCS) Blood Bank,0752 4470222
1175, Blood Bank (Component & Apheresis Unit) G.R.Medical College,0751 2403225
1176,District Hospital Blood Bank,0751 5030097
1177,Indian Red Cross Society (IRCS) Blood Bank,0751 4074294
1178,Shri Radheswami Blood Bank,0751 2330393
1179,Emergency Blood Bank,0751 262 5377
1180,Captain OS Dewan Memorial Blood Bank,
1181,Cancer Hospital and Research Centre Blood Bank,0751 2336502
1182,Radhaswami Blood Bank Services,0751 2321034
1183,Shri Guruji Raktkosh Blood Bank,
1184,Birla Institute of Medical Research Blood Bank,0751 2405655
1185,District Hospital Blood Bank,07577 223102
1186,District Hospital Blood Bank,07574 254446
1187,Society of Saint Joseph Hospital Blood Bank,0757 4257835
1188,Harit Blood Bank,07574 252989
1189,Shreya Blood Bank,07574 251201
1190,Civil Hospital Itarsi Blood Bank,07574 241988
1191,Lahoti Medicare Private Limited Blood Bank,
1192,MY Hospital & MGM Medical College - State of ART Model Blood Bank ,0731 2438138
1193,Modern Blood Bank,0732 4271255
1194,Allied Pathology Laboratory and Blood Bank,0731 2556263
1195,CHL Apollo Hospital Blood Bank,0731 2445566
1196,Suyash Blood Bank,0731 2493911
1197,Mohit Blood Bank Services,0731 5003333
1198,Lions Club of Indore Blood Bank,0731 234 3122
1199,MP Thalassmia Welfare Society Blood Bank,0731 4025333
1200,Shubham Pathological Diagnostic Centre Blood Bank,07312 563202
1201,Life Line Hospital Blood Bank,0731 2575611
1202,Qurewell Blood Bank of Care Well Hospital Private Limited,0731 2434445
1203,Noble Pathology Labs Blood Bank,0731 2522970
1204,Shri Satya Sai Blood Bank,0731 2590737
1205,Shri Indore Cloth Market Hospital Blood Bank,0731 2439223
1206,Vishnu Prabha Diagnostic Centre Blood Bank,0731 2522450
1207,Choitram Hospital and Research Centre Blood Bank,0731 2362491
1208,Vishesh Hospital Blood Bank,0731 4238111
1209,Gurjar Hospital and Endoscopy Centre Private Limited Blood Bank,0731 2363716
1210,Gokuldas Hospital Blood Bank,0731 2519212
1211,SNG Hospital Blood Bank,0731 4219191
1212,Index Medical College Hospital and Research Centre Blood Bank,0731 4215757
1213,Arihant Hospital and Research Centre Blood Bank,0731 2785172
1214,Aruvindo Blood Banks SAIMS Hospital,0731 4231000
1215,Bombay Hospital Trust Blood Bank,0731 2558866
1216,Greater Kailash Hospitals Private Limited Blood Bank,0731 6633333
1217,Sanghvi Blood Bank,0731 2527081
1218,Verma Union Hospital Blood Bank,0731 2380609
1219,NSCB Medical College Blood Bank,0761 2370951
1220,Rani Durgawati Hospital Blood Bank,0761 261052
1221,District Victoria Hospital Blood Bank,0761 2622202
1222,Bansal Blood Bank and Transfusion Service,0761 5004322
1223,Jabalpur Thalesemia Society Blood Bank,0761 2401958
1224,Khanna Pathology Lab and Blood Bank,0761 2316980
1225,Military Hospital Blood Bank ,0761 762227
1226,Jabalpur Blood Bank & Pathology Lab,
1227,District Hospital,07392 243312
1228,Jivan Jyoti Hospital Blood Bank,07392 243312
1229,District Hospital Blood Bank,07622 230367
1230,District Hospital Blood Bank,07282 250702
1231,District Hospital Blood Bank Mandla,07642 253077
1232,District Hospital Blood Bank,07422 241241
1233,Jain Pathology Laboratory and Blood Bank,07422 242518
1234,District Hospital Blood Bank,07532 226318
1235,Jindal Blood Bank,0753 2250789
1236,District Hospital Narsinghpur Blood Bank ,07792 230480
1237,Indian Red Cross Society (IRCS) Blood Bank,07423 223878
1238,District Hospital Blood Bank,07732 253658
1239,District Hospital Blood Bank,07482 222062
1240,District Hospital Blood Bank,07372 201021
1241,District Hospital Blood Bank,07412 270445
1242,Manav Seva Samiti Blood Bank,0741 2239000
1243,S. S. Medical College Blood Bank,0766 2257441
1244,District Hospital Blood Bank,07582 236548
1245,Bhagyoday Tirth Hospital Blood Bank,0758 2266671
1246,Sadguru Blood Bank Chitrakoot,0767  0265320-6445
1247,District Hospital Blood Bank,07672 223226
1248,MP Birla Hospital and Priyamvada Birla Cancer Research Institute Blood Bank,07672 257411
1249,District Hospital Blood Bank,07562 226737
1250,District Hospital Blood Bank Seoni,07692 220358
1251,Burhar Central Hospital of South Eastern Coal Fields Limited Blood Bank,07652 250223
1252,District Hospital Blood Bank,07652 245256
1253,Murlidhar Kripa Hospital Blood Bank,07363 233426
1254,District Hospital Blood Bank,07364 222127
1255,District hospital sheopur,7746977417
1256,District Hospital Blood Bank,07492 222362
1257,District Hospital Blood Bank,07822 252207
1258,Nehru Jan shatabdi Chikitsalaya Blood Bank ,07805 254982
1259,Red Cross Blood Bank,07805 245144
1260,District Hospital Blood Bank,07683 247396
1261,Grassim Hospital and Blood Bank,07366 247200
1262,District Hospital Blood Bank,0734 2551077
1263,Puspha Mission Hospital and Maternity Home Blood Bank,0734 2526732
1264,Ujjain Charitable Trust Blood Bank,0734 4013621
1265,CR Gardi Hospital and RD Blood Bank,0736 8261305
1266,District Hospital Blood Bank,07653 222314
1267,District Hospital Blood Bank,07592 237825
1268,Civil Surgeon General Hospital Blood Bank,0241 2430127
1269,Sanjeevani Blood Bank Kopargaon,02423 222237
1270,Rotary Blood Bank - Rahuri Charitable Trust,02426 232975
1271,Arpan Blood Bank,02425 226036
1272,Jankalyan Blood Bank Nalegaon,0241 2346647
1273,Pravara Medical Trust Blood Bank - Pravara Rural Hospital and Medical Dental College Loni (BK),02422 271201
1274,Jondhale&#39;s Nitya Seva Blood Bank,02422 225000
1275,Shri Sainath Blood Bank,02423 258525
1276,"Padmashri Dr. Vithalrao Vikhe Patil Foundation, Ahmednagar Medical College Hospital Blood Bank",0241 2778042
1277,Shrirampur Blood Bank,02422 224293
1278,Anand Rushiji Blood Bank,0241 2320472
1279,"Jeevanraj Charitable Foundation,s Ahmednagar Blood Bank",0241 2450099
1280,Nandkishor Education Society - Arpan Blood Bank,0241 2451700
1281,"Poonam Janjagruti Sanstha Sanchit, Ashtavinayak Blood Bank",0241 2421334
1282,Ahmednagar Municipal Council Blood Bank,
1283,Civil Surgeon General Hospital Blood Bank,0724 2434401
1284,District Hospital for Women Blood Bank,0724 2433398
1285,Dr. Vivek Pimpalkar Blood Bank,0724 2438271
1286,Shriram Blood Bank,0724 2433175
1287,Akola Diagnostic Centre Blood Bank and Component Lab,0724 2458777
1288,Dr. Mankar Memorial Blood Bank,0724 2457530
1289,Dr. Hedgewar Blood Bank,0724 2491264
1290,ICON Blood Bank - Ganediwal Charitable Trust,0724 2411263
1291,Sai Jeewan Blood Bank,
1292,District General Hospital Blood Bank Amravati,0721 2663337
1293,Shri Balaji Blood Bank & component lab Amravati,0721 2671600
1294,Dr. P.D.M.H.C. Hospital and Research Centre Blood Bank,0721 2665545
1295,Sant Gadgebaba Blood Bank and Component Centre Badnera,0721 2580490
1296,Dr. Late Sadanadaji Burma Memorial Blood Bank,8484010184
1297,Regional Blood Bank Government Medical College and Hospital,0240 2402108
1298,Mahatma Gandhi Mishan (MGM) Hospital Blood Bank,0240 6601100
1299,Dattaji Bhale Blood Bank - Hedgewar Hospital,0240 2335196
1300,Lokmanya Blood Bank,0240 6602163
1301,Seth Nandlal Dhoot Hospital Blood Bank,0240 2489001 - 10
1302,Arpan Voluntary (Marathwada)  Blood Bank,0240 2345359
1303,Amruta Blood Bank,0240 2060145
1304,Aurangabad Blood Bank,0240 6002002
1305,Lions Blood Bank,0240 2340250
1306,Civil Surgeon General Hospital Blood Bank,02442 220609
1307,Swami Ramanand Tirth Arben Medical College Hospital Blood Bank,02446 244472
1308,Vaidynath Blood Bank,02446 223584
1309,Navjivan Blood Bank,02442 233423
1310,Arpan Blood Bank Beed,02446 245002
1311,Civil Hospital Bhandara Blood Bank,07184 252247
1312,Jeevandhara Buldana Urban Blood Bank,9657221122
1313,Government Hospital Blood Bank,07263 255332
1314,Saibai Mote General Hospital Blood Bank,07265 252020
1315,Civil Surgeon District General Hospital Blood Bank,07262 242423
1316,Dr. Murlidhar Kharche Memorial Jeevan Jyoti Blood Bank,07267 26700
1317,Lilavati Blood Bank,07262 243811
1318,Shri. Brahman Swrankar Samaj Trust Blood Bank,07263 255577
1319,General Hospital Blood Bank,07172 252103
1320,Ankur Hospital Blood Bank,07172 251522
1321,Dr. Ninawe Blood Bank,07172 254884
1322,Christanand Education Society Blood Bank,07177 272016
1323,Shahada Blood Bank (Whole Human Blood),02565 223446
1324,Shri Bhausaheb Hire Government Medical College and Hospital Blood Bank,02562 288833
1325,Navjeevan Medical Relief & Research Society&#39;s Shree Navjeevan Blood Bank and Component Laboratary,02562 245662
1326,Jawahar Medical Foundation Blood Bank,02562 276317
1327,Jeevan Jyoti Blood Bank,02562 232807
1328,Nirnay Janseva Blood Bank,02562 238262
1329,Arpan Blood Bank,02562 229163
1330, Late  Shri Mukeshbai Patel Blood Bank ,09823142895
1331,Sub-District Rural Hospital Blood Bank,07133 272072
1332,Civil Surgeon - General Hospital Blood Bank,07132 222056
1333,Bai Gangabai Ladies Hospital Blood Bank,07182 232606
1334,Civil Surgeon - District General Hospital Blood Bank,02456 224118
1335,Civil Hospital Blood Bank,0257 2226642
1336,Madhavrao Golwalkar Swayamsevi Blood Bank,0257 2234590
1337,Jeevan Surabhi Blood Bank,02589 223833
1338,Jeevanshri Raktapedi,9226894187
1339,Dhanwantri Blood Bank,02582 243243
1340,Godavari Foundation Blood Bank,0257 3058539
1341,Indian Red Cross Society Blood Bank,0257 2226233
1342,M/s. Jalgaon Blood Bank and Component,0257 2222278
1343,Askaran Tarachand Jain Blood Bank,02586 221019
1344,Civil Surgeon General Hospital Blood Bank,02482 224381
1345,Jankalyan Blood Bank,02482 238397
1346,Noor Hospital Blood Bank,02482 222515
1347,Rajashri Chatrapati Shahu Maharaj Government Medical College and Chatrapati Pramilaraje General Hospital Blood Bank,0231 2644337
1348,Late Balasaheb Datye - Lions Blood Bank,0230 2436130
1349,Rajarshi Shahu Blood Bank,0231 2651640
1350,Mahatma Gandhi Hospital Blood Bank,0230 2477081
1351,Annasaheb Galatge Lions Blood Bank,02327 223100
1352,Acharya Shree Tulsi Blood Bank ,02322 227955
1353,Dr. D. Y. Patil Hospital Blood Bank,0231 2653286
1354,Arpan Blood Bank - Blood Component and Apheresis Centre Kolhapur,0231 2640588
1355,Sai Seva Medical Foundation - Vaibhavlaxmi Blood Bank,0231 6454949
1356,Kolhapur Municipal Corporation Blood Bank,0231 2541870
1357,Vande Mataram Samajik Samstha&#39;s - Jeevandhara Blood Bank,0231 2526363
1358,Sanjeevan Blood Bank,0231 2668031
1359,Shri.R.R.Patil Shikashan Sheti sanshodhan Aani vikas sanstha Blood Bank,0230 2430073
1360,Government Medical College General Hospital Blood Bank,02382 257670
1361,IRCS - Dr. Bhalchandra Blood Bank,02382 246078
1362,Smt. Saraswati Karad Blood Bank,02382 227424
1363,IRCS Nagappa Amberkhane Blood Bank,02385 258325
1364,Arpan Blood Bank Latur,02382 251476
1365,Mauli Blood Bank,02382 224000
1366,Global Hospital Blood Bank,022 67670101
1367,ACTREC,022 27405000
1368,Deepak Foundation&#39;s Anviksha Blood Bank,022 21026290
1369,Ashirwad Blood Bank,022 24154826
1370,Asian Heart Institute and Research Center,022 66986666
1371,B.S.E.S M.G. Hospital Blood Bank,022 66487576
1372,Bandra Holy Family Hospital Society Blood Bank,022 30610300
1373,Bhabha Atomic Research Centre Hospital Blood Bank,022 25598353
1374,Bhatia General Hospital and Blood Bank,022 66660656
1375,Bombay Hospital Trust Blood Bank,022 22067676
1376,Borivali Blood Bank (Doshi Memorial Charitable Trust),022 28936203
1377,Breach Candy Hospital And Research Centre Blood Bank,022 23667811
1378,B. Y. L. Nair Hospital Blood Bank,022 23027644
1379,Cama and Albles Hospital - Abdul Fazalbhoy Blood Bank,022 22611667
1380,Cumbala Hill Hospital And Heart Institute Blood Bank,022 23803674
1381,Dr. Babasaheb Ambedkar Memorial Hospital - Central Railway Hospital Blood Bank,022 23791964
1382,Dr. L. H. Hiranandani Hospital Blood Bank,022 25763355
1383,ESIC Model Hospital cum ODC Blood Bank,022 28321361
1384,Fortis Hospital Blood Bank,022 67994370
1385,G. T. Hospital Blood Bank,022 22031111
1386,Hematology Laboratory Blood Bank,022 23691297
1387,Harilal Bhagwati Hospital Blood Bank,022 28932461
1388,Suburban Hi-tech Blood Bank,022 28714060
1389,Holy Spirit Hospital Blood Bank,022 28200353
1390,Indian Red Cross Society Bombay City Branch Blood Bank,022 40500400
1391,INS - Ashwini Blood Bank,022 22151666
1392,Jaslok Hospital And Research Centre Blood Bank,022 66573434
1393,K. B. Bhabha General Hospital Blood Bank,022 26422541
1394,K. J. Somaiya Medical College and Hospital Blood Bank,022 24024671
1395,Kapoorben Vasanji Lathiya Blood Bank - Nanavati Hospital,022 26119924
1396,K. E. M. Hospital Blood Bank,022 24107421
1397,Kohinoor Hospital Blood Bank,022  67556737
1398,Kokilaben Dhirubhai Ambani Blood Bank,022 30900900
1399,Lilavati Hospital and Research Centre Blood Bank,022 26751000
1400,Lokmanya Tilak Municipal Hospital Blood Bank,022 24021771
1401,M. T. Agarwal Municipal General Hospital Blood Bank,022 25640767
1402,Mahatma Gandhi Seva Mandir Blood Bank,022 26431893
1403,Manas Serological Institute Blood Bank,022 26784546
1404,Masina Hospital Blood Bank,022 23700715
1405,Mumbai Port Trust Blood Bank,022 66567722
1406,N.  Wadia Maternity  Hospital Blood Bank,022 24165638
1407,Matoshri Valbai Mulji Shah - Arpan Blood Bank,022 25951044
1408,Navjivan Blood Bank and Lab,022 28934122
1409,P. D. Hinduja National Hospital And Medical Research Centre Blood Bank,022 24447308
1410,Meenatai Thackeray Blood Bank - Siddharth Hospital,022 28797586
1411,Prince Aly Khan Hospital Blood Bank,022 23777934
1412,Dr. R. N. Cooper General Hospital Blood Bank,022 26242609
1413,Rajawadi Blood Bank - Seth V. C. Gandhi & M. A. Vora Municipal General Hospital,022 21025611
1414,S. L. Raheja Hospital Blood Bank,022 24445528
1415,S. R. Mehta and Sir. K.P. Cardiac Institute Blood Bank,022 24035454
1416,Saifee Hospital Trust Blood Bank,022 67571140
1417,Sarvodaya Hospital Samarpan Blood Bank,022 25102511
1418,Seven Hills Health Care Private Limited Hospital Blood Bank,022 67676719
1419,Shushrusha Citizens Co-operative Hospital Blood Bank,022 24469579
1420,Sir J.J.Group of Hospital Blood Bank,022 23735555
1421,Sir J.J.Mahanagar Rakthapedhi,022 23735585
1422,Saint George&#39;s Hospital & Regional  Blood Bank,022 22621420
1423,Tata Memorial Hospital Blood Bank,022 24177000
1424,The B.D. Petit Parsee General Hospital Blood Bank,022 61186190
1425,V. N. Desai Municipal General Hospital Blood Bank,022 26182081
1426,West Coast Blood Bank,022 24444544
1427,M/s. Balasaheb Thackerey Blood Bank,
1428,M/s. Pallavi Blood Bank,
1429,"ESI-PGIMSR, MGM Hospital Blood Bank",
1430,M/s Sion Blood Bank,
1431,Harkisandas  Marottamdas Hospital Blood Bank,
1432,Government Medical College Blood Bank Nagpur,0712 2744695
1433,Super Speciality Hospital and Medical Post Graduate Institute Blood Bank,0712 2703501
1434,Indira Gandhi Medical College and Hospital Blood Bank,07122820134
1435,Daga Memorial Women Government Hospital Blood Bank,0712 2729202
1436,Central India Institute of Haematology & Oncology&#39;s Blood & Blood Component Bank and Apheresis Unit,0712 2430038
1437,Jeevan Jyoti Blood Bank and Component,0712 2231660
1438,Dr. Hegdewar Blood Bank,0712 2528292
1439,Sainath Blood Bank,9422502066
1440,Ayush Blood Bank and component Lab,0712 6618666
1441,Lifeline Blood Bank Components and Apherisis Centre Blood Bank,0712 6686666
1442,Rainbow Blood Bank,0712 6636666
1443,"NKP Salve Institute of Medical Science and Research Center (Lata Mangeshkar Hospital), Blood Bank",07104 236290
1444,Nandkishor Education Society Trust - Arpan Voluntary Blood Bank,
1445,Dr. Shankarrao Chavan Government Medical College and Guru Govindsinghji Memorial Hospital Blood Bank,02462 235711
1446,Indian Red Cross Society Blood Bank,02462 236699
1447,Golvalkar Guruji Blood Bank,02462 243300
1448,Arpan Blood Bank,02462 241587
1449,Guru Gobindsinghji Blood Bank,02462 233332
1450,Nanded Blood Bank,02462 233810
1451,Hazur Saheb Blood Bank,02462 248888
1452,Civil Surgeon - District General Hospital Blood Bank,02564 202510
1453,Sahada Blood Bank - Shree Swami  Samartha Vaidyakiya  Shaikshanik and Sanshodhan Sanstha ,9371855918
1454,Jankalyan Rakta Pedhi,02564 226934
1455,Malegaon Blood Bank,9371550550
1456,Seva Blood Bank,02554 257077
1457,Roachabai Sugnomal Manwani - Cantonment General Hospital Blood Bank,0253 2493365
1458,Metro Blood Bank - District (Civil) Hospital Nashik,0253 2318020
1459,Sainik Aspatal Military Hospital Blood Bank,9545355252
1460,Ansar Blood Bank,02554 238383
1461,Arpan Blood Bank and Blood Component Laboratory and Research Centre,0253 2311358
1462,Jankalyan Blood Bank,0253 2573493
1463,NDMVPS Medical College and Hospital Blood Bank,0253 2220522
1464,Samta Blood Bank,0253 2472499
1465,Sanjeevani Blood Bank,0253 2411888
1466,Jijau Mahila Sevabhavi Sansthan Nashik Blood Bank and Transfusion Research institute Blood Bank,0253 2232996
1467,The Santajee Educational and Medical foundation Trust - Jeevan  Blood Bank ,7387348888
1468,SMBT Institute of Medical Science and Research Centre - Blood Bank and Component,02553 222300
1469,Hindustan Aeronautics Limited Blood Bank,02550 275845
1470,J.D.C. Bytco Hospital Blood Bank,0253 2460251
1471,Regional Referal Hospital Blood Bank,
1472,Shri Krishna Blood Bank,02457 252004
1473,"Civil Surgeon, General Hospital Blood Bank",02472 226924
1474,Civil Surgeon - District General Hospital Blood Bank,02452 223458
1475,Kanthak Sevabhavi Sanstha - New Life Blood  Bank,02452 220222
1476,Indian Red Cross Society Blood Bank,02112 222951
1477,Pune Chest and General Hospital Blood Bank,020 27285432
1478,Sasoon Sarvopchar Hospital Blood Bank,020 26126868
1479,Armed Forces Blood Bank,020 26026038
1480,Jankalyan Raktapedhi Pune,020 24449527
1481,Inlaks Budharani Hospital Blood Bank,020 66099999
1482,Indian Serological Institute Blood Bank,020 24535244
1483,Acharya Anandrushiji Blood Bank,020 24537627
1484,Akshay Blood Bank,020 26993247
1485,Garware Blood Bank - Talegaon Rural Hospital,02114 223916
1486,Jehangir Hospital Blood Bank,020 66811722
1487,KEM Hospital Blood Bank,020 26125600
1488,Grant Medical Foundation A.H. Wadia Trust Blood Bank,020 26166318
1489,Bharati Vidyapeeth Medical Foundation Blood Bank,020 40555555
1490,Padmashree Dr. D.Y. Patil (Vishweshwar) Blood Bank,020 27423844
1491,Deenanath Mangeshkar Hospital Blood Bank,020 26602307
1492,Poona Serological Institute Blood Bank,020 26133387
1493,Sahiyadari Speciality Hospital Blood Bank,020 25403232
1494,Aditya Birla Memorial Hospital Blood Bank,020 30717690
1495,Rakesh Jain Memorial Blood Bank,020 24331706
1496,Noble Hospital Blood Bank,020 66285050
1497,Smt Kashibai Navale General Hospital Blood Bank,020 241062299
1498,Pimpari Serological Institute Blood Bank,020 27421179
1499,Chakan Blood Bank,02135 202141
1500,R.G Gholap Memorial Blood Bank,020 65402140
1501,Kranti Mitra Mandal Charitable Trust Blood Bank,020 26992828
1502,Krantiveer Chapekar Bandhu Blood Bank,020 27610054
1503,The New Century Medical & Education Foundation Trust - NCORD Blood Bank & Aphaeresis Centre,020 46608585
1504,Ekta Apang Vikas Sanstha Blood Bank,020 26855144
1505,Chattrapati Shahu Maharaj Pratisthan,9890927792
1506,Chattrapati Shahu Maharaj Pratisthan Blood Bank,020 65267000
1507,M/s. Vidyashree Charitable Trusts Om Blood Bank,
1508,District Civil Surgeon Blood Bank,02141 225734
1509,Kakasaheb Chitle Memorial Centre Sanchalit - Jankalyan Blood Bank,02145 222604
1510,M.B. More Foundation Blood Bank,9421230000
1511,Advanced Centre for Treatment Reasearch and Education in Cancer,022 27405073
1512,M/s. Navi Mumbai Blood Bank,09870653138
1513,Shree Sai Blood Bank & Component,022 27467856
1514,Rotary Club New Panvel charitable Trust s Late Dr. B.V. Limaye Blood Bank,022 27459322
1515,Civil Surgeon - General Hospital Blood Bank,02352 225616
1516,Shree Swami Samarth Blood Bank,02355 264137
1517,Indian Red Cross Society Blood Bank,02352 223262
1518,Indian Red Cross Blood Bank,
1519,Prakash Blood Bank & Blood Component Seperation Unit,02342 661212
1520,Padmabhushan Vasantdada Patil Government Hospital Blood Bank,0233 2374651
1521,Rajaram Bapu Blood Bank,02342 224939
1522,Vasantdada Patil Blood Bank and Haematology Research Centre,0233 2229619
1523,Miraj Medical Centre - Wanless Hospital Blood Bank,0233 2223291
1524,Jeevan Rekha Charitable Trust Blood Bank,02344 248000
1525,Smt. Anila Kantilal Kothari Blood Bank & Department of Hemato Oncology,0233 2212155
1526,Bharati Vidyapeeth University Medical college And Hospital Blood Bank,0233 2601594
1527,Hindratna Prakashbapu Patil Blood Bank,0233 2672233
1528,Miraj Serological Institute Blood Bank,0233 6451819
1529,Akshay Blood Bank,0233 2212448
1530,Indian Red Cross Society Blood Bank - Shirgaonkar Blood Bank,0233 2373044
1531,Shree Basaveshwar Manav Vikas Gramin Sevabhavi Sanstha Blood Bank,0233 6012777
1532,Azad Panchi Group Charitable Trust Blood Bank,0233 2374333
1533,S. S. Venutai Y. Chavan Sub-District Hospital Blood Bank Karad,02164 222459
1534,Civil Surgeon - Sarva Samanya Hospital Blood Bank,02162 238494
1535,Phaltan Medical Foundation Blood Bank,02166 221197
1536,Krishna Hospital and Medical Research Centre Blood Bank Karad,02164 241456
1537,Instutute of Medical Science and Research Blood Bank and Blood Component Seperation Unit,02161 270661
1538,M/s. K. N. Gujar Blood Bank,02164 222868
1539,M/s. Balaji Blood Bank,02162 226995
1540,Akshay Blood Bank,02162 230730
1541,Mauli Blood Bank Satara,02162 222586
1542,Yashwantrao Chavan Blood Bank,02164 228122
1543,Civil Surgeon - General Hospital Blood Bank,0236 2228902
1544,"Cottage Hospital Blood Bank, Sawantwadi",02363 275035
1545,Dean Chatrapati Shivaji Maharaj Sarvopchar Hospital Blood Bank,0217 2310766
1546,Shri Markendya Charitable and Medical Trust Irrapanna N Boli Blood Bank,0217 2653829
1547,"Dr. Hegdewar Rakta Pedhi Sanstha, Solapur",0217 2311215
1548,Solapur Blood Bank,0217 2317242
1549,IMA - Sahakar Maharshi Shankarrao Mohite Patil Blood Bank,02185 222101
1550,Akshay Blood Bank,0217 2315025
1551,M. M. Patel Public Charitable Trust - Ashwini Rural Medical College and Hospital Blood Bank,0217 2280891
1552,Athar Minorities Social and Welfare Associations - Athar Blood Bank,0217 2622999
1553,Indian Red Cross Soceity - Shriman Rambhai Shah Blood Bank,02184 222399
1554,Indian Red Cross Society - Smt. Gopabai Damani Blood Bank,0217 2726858
1555,Indian Red Cross Society - Sarjubai Bansila Bajaj Blood Bank,02186 223650
1556,SIDDHESHWAR BLOOD BANK,0217 2323222
1557,M/s Shrikamal Shikshan Prasarak Krida - Kala & Krushivikas Bahu Uddeshiya Samajsevi Mandals Sanjeevani Blood Bank,
1558,Gor Banjara RSS Jankalyan Samiti - Seva Blood Bank,0251 2442283
1559,"Dr. D.Y. Patil Hospital & Research Centre, Blood Bank",
1560,Tarapur Atomic Power Station Hospital Blood Bank,02525 264001
1561,Vitthal Sayanna General Hospital (Civil Hospital) Blood Bank,022 25472582
1562,Central Hospital Blood Bank,0251 2709432
1563,JVP Blood Bank and Transfusion Centre Blood Bank,022 27894490
1564,Sankalp Blood Bank,0251 2300096
1565,Jupiter Hospital Blood Bank,022 21725521
1566,Plasma Diagnostic Lab and Blood Bank,0251 2802491
1567,Vaidhya Blood Bank,022 25380787
1568,Mahatma Gandhi Mission Medical College and Hospital Blood Bank,022 27863483
1569,Navjeevan Blood Bank,022 25400425
1570,Sarla Blood Bank,0250 2332684
1571,Tssia Blood Bank,022 25803263
1572,Katiya Charitable Trusts Bhiwandi Blood Bank,02522 258065
1573,Kai Wamanrao Oak Blood Bank,022 25385248
1574,Blood Line Blood Bank,022 25374000
1575,Kalyan Dombivali Municipal Corporation Sponsored Nandakishore Education Society Arpan Blood Bank,0251 3266322
1576,Smt. Devkaabai Kalyanji Chheda Amrutvahini Blood Bank,02528 220478
1577,Sanjeevan Blood Bank ,022 27790286
1578,Vijayee Blood Bank,0250 2321050
1579,Mira Bhayandar Municipal Corporation Rajeev Gandhi Blood Bank,022 64510666
1580,"Maharashtra Blood Bank, Component and Apheresis Centre",02525 251102
1581,Chidanand Charitable Trust Dombivali Blood Bank,0251 284393
1582,Seva Blood Bank,0251 2442283
1583,Chhatrapati Shivaji Maharaj Hospital Blood Bank,022 25347784
1584,Navi Mumbai Municipal Corporation Blood Bank,022 27888750
1585,Lokmanya TSSIA Blood Bank Thane,9225630689
1586,M/s. Sadgurus Charitable Blood Bank,
1587,M/s. Triumph Foundations Triumph Blood Bank,
1588,Terna Blood Bank ,
1589,"District - Civil Surgeon, General Hospital Blood Bank Wardha",07152 245249
1590,Kasturba Health Society Blood Bank,07152 284108
1591,Jawaharlal Nehru Medical College Blood Bank,07152 287877
1592,"Civil Surgeon, General Hospital Blood Bank Washim",07252 233066
1593,Sau Kantadevi Dale Blood Bank,07252 234343
1594,Shri Vasantrao Naik Blood Bank ,07232 242456
1595,Laxmi Blood Bank,07233 246775
1596,Satyashanti Blood Bank,07233 248095
1597,Aishwarya Blood Bank,07232 252500
1598,Shri Gajanan Blood Bank And Components,07232 242985
1599,Ekneel Blood Bank,07232 250111
1600,District Hospital Blood Bank ,387423396
1601,JNIMS Hospital Blood Bank and Transfusion Unit ,0385 2443142
1602,Model Blood Bank - Department of IHBT,0385 2411434
1603,Shija Blood Bank and Transfusion Services   ,0385 2055584
1604,District Hospital Blood Bank and Transfusion Unit,0384 8222214
1605,Military Hospital Blood Bank,0364 2224300
1606,Nazareth Hospital Blood Bank ,0364 2224052
1607," Regional Blood Bank, East Khasi Hills - Pasteur Institute",0364 2591629
1608,North Eastern Indira Gandhi Regional Institute of Health and Medical Sciences Blood Bank,0364 2538063
1609,Dr. H. Gordon Roberts Hospital Blood Bank,0364 2545826
1610,Tura Civil Hospital Blood Bank,03651 232043
1611,Jowai Civil Hospital Blood Bank   ,03652 20735
1612,Civil Hospital Blood Bank Aizawl,0389 2341617
1613,Synod Hospital Blood Bank Durtlang,0389 2361222
1614,District Hospital Blood Bank Champhai,03831 234926
1615,District Hospital Blood Bank Kolasib,03837 221930
1616,District Hospital Blood Bank Lawngtlai,03835 232210
1617,Civil Hospital Blood Bank,0372 2324555
1618,Christian Hospital Blood Bank Serkawn,0372 2342268
1619,District Hospital Blood Bank Mamit,0389 2565655
1620,Civil Hospital Blood Bank Saiha,03835 222388
1621,"J N Hospital Blood Bank,Serchhip",03838 226184
1622,District Hospital Blood Bank,9436009493
1623,Military Hospital Blood Bank,8132805695
1624,Christian Institute of Health Sciences and Research Blood Bank,9862583187
1625,Naga Hospital Authority Blood Bank,9436000422
1626,General Hospital Blood Bank,9436292954
1627,Dr. Imkongliba Memorial District Hospital Blood Bank,9436006242
1628,District Hospital Blood Bank,9436441059
1629,District Hospital Blood Bank,9436013317
1630,District Hospital Blood Bank,9436007242
1631,District Hospital Blood Bank,9436240964
1632,District Hospital Blood Bank,9436824331
1633,"Odisha Red Cross Blood Bank, Angul",06764 230880
1634,"Odisha Red Cross Blood Bank, SDH, Athamallik",06763 254213
1635,Nalco Hospital Blood Bank,
1636,Sub Divisional Hospital Talcher,06760 242020
1637,Neheru Satabdi (N.S) Central Hospital Blood Bank,06760 267118
1638,"Odisha Red Cross Blood Bank, Balangir",6652230646
1639,"Biju Padhnaik Red Cross Blood Bank, CHC Kantabanji",06657 220464
1640,"Odisha Red Cross Blood Bank, Patnagarh",06658 222161
1641,"Odisha Red Cross Blood Bank, SDH, Titlagarh                    ",06655 220318
1642,"Odisha Red Cross Blood Bank, Balasore",06782 241496
1643,Jyoti Hospital Blood Bank,06782 256375
1644,"Odisha Red Cross Blood Bank, Nilagiri",06782-233237
1645,"Odisha Red Cross Blood Bank, Baragarh",06646 234104
1646,"Catholic Mission Hospital Blood Bank, Bargarh",06646 230203
1647,"Odisha Red Cross Blood Bank, SDH, Padampur",06638 223490
1648,"Odisha Red Cross Blood Bank, Bhadrak ",06784 251817
1649,"Odisha Red Cross Blood Bank, Boudh ",06841 222202
1650,"Central Red Cross Blood Bank, Cuttack",0671 2302258
1651,Shrirama Chandra Bhanj (SCB) Medical College Blood Bank,0671-2424202
1652,"Odisha Red Cross Blood Bank, Deogarh",06641 226182
1653,"Odisha Red Cross Blood Bank, Dhenkanal",06762 221388
1654,"Odisha Red Cross Blood, Paralakhemundi",06815 222467
1655,Maharaja Krishna Chandra Gajapati Medical College Blood bank,0680 2292534
1656,"Odisha Red Cross Blood Bank, SDH, Bhanjanagar",06821 240133
1657,"Odisha Red Cross Blood Bank, Jagatsinghpur",06724 221808
1658,"Odisha Red Cross Blood Bank, Jajpur",06728 225177
1659,"Odisha Red Cross Blood Bank, CHC Jajpur road",06726  224957
1660,"Odisha Red Cross Blood Bank, Jharsuguda",06645 272180
1661,"TRL Hospital, Belpahada",06645 258411
1662,"Central Hospital (MCL), Brajaraj Nagar",06760 269382
1663,District Head Quarters Hospital Blood Bank Bhawanipatna,06670 234952
1664,"Odisha Red Cross Blood Bank, SDH, Dharmagarh",6672242077
1665,Sardar Rajas Medical College Hospital Blood Bank,06670 226701
1666,"Odisha Red Cross Blood Bank, SDH, Baliguda",6846243195
1667,"Odisha Red Cross Blood Bank, Kandhamal",06842 253006
1668,District Head Quarters Hospital Blood Bank Kendrapara,06727 233334
1669,"Odisha Red Cross Blood Bank, SDH, Anandapur",06731 221467
1670,"Odisha Red Cross Blood Bank, SDH, Champua",06767 240898
1671,"Tisco Hospital Blood Bank, Kendujhar",06767 272010
1672," Odisha Red Cross Blood Bank, Kendujhar",06766 254380
1673,Central Hospital Blood Bank Joda,06767 272231
1674,"Odisha Red Cross Blood Bank, Capital Hospital ",0674 2394985
1675,"Odisha Red Cross Blood Bank, Bhubaneshwar Municipal Hospital",0674 2591206
1676,Kalinga Hospital Limited Blood Bank,0674 2300570
1677,"Apollo Hospital Blood Bank, Bhubaneswar",0674 7150454
1678,Hi-Tech Medical College & Hospital Blood Bank,06743094253
1679,Sum Hospital Blood Bank,06746098855
1680,Kalinga Institute of Medical Sciences (KIMS) Blood Bank,0674-2300570
1681,AMRI Hospital Blood Bank,0674 6666600
1682,"Odisha Red Cross Blood Bank, Khurda",06755 223978
1683,NALCO Hospital Blood Bank,06852 254515
1684,"Red Cross Blood Bank, SDH, Koraputk",06854 233600
1685,"Odisha Red Cross Blood Bank, Koraput",06852 252101
1686,Asha Kiran Society Blood Bank,06868 272213
1687,HAL Hospital Blood Bank,06853 220234
1688,"Odisha Red Cross Blood Bank, Malkangiri",06861 231200
1689,"Odisha Red Cross Blood Bank, Baripada",06792 254641
1690,"Odisha red Cross Blood Bank, Karanjia, Mayurbhanj",06796 221832
1691,"Odisha Red Cross Blood Bank, SDH, Rairangpur",06794 22298
1692,"Odisha Red Cross Blood Bank, SDH, Udala",06795 232288
1693,"Odisha Red Cross Blood Bank, Nabarangpur",6858222360
1694,Christian Hospital Blood Bank Nabarangpur,06858 222566
1695,"Odisha Red Cross Blood Bank, Nayagarh ",06753 252410
1696,Evangelical Hospital Blood Bank,09668429249
1697,"Odisha Red Cross Blood Bank, Nuapada",9437292867
1698,Aharya Harihar Red Cross Blood Bank,06752 224097
1699,Christian Hospital Blood Bank,06863 247505
1700,"Odisha Red Cross Blood bank, SDH, Gunupur",8596985766
1701,District Head Quarters Hospital Blood Bank Rayagada,06856 236465
1702,Jesus Mary Hospital Blood Bank,0663 2545606
1703,"Odisha Red Cross Blood Bank, SDH, Kuchinda ",06642 220509
1704,Odisha Red Cross Blood Bank Sambalpur,0663 2400180
1705,"Odisha Red Cross Blood Bank, SDH, Rairakhol",6644253085
1706,VSS Medical College and Hospital Blood Bank,0663 2431420
1707,"Odisha Red Cross Blood Bank, Subarnapur",06654 220150
1708,"Odisha Red Cross Blood Bank, Rourkela",0661 2401770
1709,"Immuno-Haematology & Blood Transfusion Centre, Rourkela",6612439919
1710,Vesaj Patel Hospital and Research Center Blood Bank,0661 2401799
1711,Community Welfare Society Hospital Blood Bank,0661 2473931
1712,Hi-Tech Medical college & Hospital Blood Bank,6612400751
1713,"Odisha Red Cross Blood Bank, SDH, Bonai ",06626 244500
1714,"Odisha Red Cross Blood Bank, Sundergarh",06622 273225
1715,Karaikal Government General Hospital Blood Bank,04368 222450
1716,Sri Venkateshwara Medical College Hospital and Research Centre,0413 2644476
1717,Pondicherry Private Hospital Association (PPHA) Blood Bank,0413 2212874
1718,Pondicherry Institute of Medical Sciences Blood Bank,0413 2656271
1719,Sri Manakula Vinayagar Medical College Hospital Blood Bank,0413 2643000
1720,Vinayaka Missions Medical College and Hospital Blood Bank,04368 263255
1721,Mahe Government General Hospital Blood Bank,0490 2337140
1722,Mahatma Gandhi Medical College and Research Institute,0413 2615449
1723,Aarupadai Veedu Medical College Blood Bank,0413 2611072
1724,Indhira Gandhi Goverment General Hospital Blood Bank ,0413 2225366
1725,Jawahar Institute of Post Graduate Medical Education & Research (JIPMER) Hospital Blood Bank,0413 2297186
1726,St. Joseph&#39;s Hospital (Cluny)  Blood Bank,0413 225571
1727,Sri Lakshminarayana Institute of Medical Sciences Blood Bank,0413 2299218
1728,INDIRA GANDHI MEDICAL COLLEGE & RESEARCH INSTITUTE ( BLOOD BANK),0413 2275512
1729,East Coast Hospitals Blood Bank,0413 2297899
1730,Rajiv Gandhi Government Women and Child Hospital Blood Bank,0413 222 9355
1731,A.G. Padmavathi Hospital Blood Bank,0413 2295551
1732,Yanam Old Age Home Blood Bank,8842324933
1733,Ajnala Civil Hospital Blood bank,01858 221105
1734,Sri Guru Ram Das Institute of Medical Sciences and Research Blood bank,0183 2870245
1735,Green Avenue Blood Bank,0183 2563103
1736,Anil Blood Bank,01835131105
1737,Amandeep Blood Bank,01832566738
1738,Guru Nanak Dev Hospital Blood bank,0183 2426918
1739,Adhlakha Medical Center Blood Bank,0183 2225353
1740,Fortis Hospital Limited Blood Bank,0183 30121222
1741,Shri Guru Ram Das Charitable Hospital Blood Bank,0183 2553668
1742,Guru Tej Rasila Charitable Hospital,9779922477
1743,Jallianwala Bagh Martyr&#39;s Memorial (JBMM) Civil Hospital Blood Bank,0183 2534906
1744,Maharaj Sawan Singh Charitable Hospital Blood Bank,01853-273130
1745,Barnala Civil Hospital Blood Bank ,01679 33042
1746,Military Blood Bank Bathinda,0164 2291174
1747,Bhathinda Civil Hospital Blood Bank ,1642240208
1748,Max Super Speciality Hospital Blood Bank,0164 6601400
1749,Adesh Institute of Medical Sciences and Research Blood Bank,01645055015
1750,Gupta Hospital Blood Bank,0164 2212377
1751,Rampura Phul Civil Hospital Blood Bank ,01651 220700
1752,Guru Gobind Singh Medical College Blood Bank Hospital Blood Bank,01639 255436
1753,Kotkapura Civil Hospital Blood Bank,01635-228306
1754,Fatehgarh Sahib Civil Hospital Blood Bank,01763 232203
1755, Abohar Civil Hospital Blood Bank,0163 422 1400
1756,Fazilka Civil Hospital Blood Bank,01638 267444
1757,Dr. Anil Bhaghi Memorial Hospital Blood Bank,01632-220555
1758,Military Hospital,01632 242391
1759,Ferozpur Civil Hospital Blood Bank ,01632242964
1760,Batala Civil Hospital Blood Bank ,01871 240144
1761,Gurdaspur Civil Hospital Blood Bank,01874 240009
1762,Military Hospital Blood Bank,8054081441
1763,Dasuya Civil Hospital Blood Bank,01883 285084
1764,Garhshankar Civil Hospital Blood Bank,01884 282051
1765,Shivam Hospital Blood Bank,081466 80263
1766,Hoshiarpur Civil Hospital Blood Bank ,01882250190
1767,Bhai Ghanaiya Ji Charitable Blood Bank and Hospital,01882 229547
1768,Indian Medical Association Blood Bank Hoshiarpur,01882 222244
1769,Sant Baba Rangi Ram Ji Charitable Hospital Blood Bank ,01886 280266
1770,Mukerian Civil Hospital Blood Bank,0188 3244702
1771,Baba Budha Sabib Cardiac Centre (BBC) Heart Care & Pruthi Hospital Blood Bank,0181-2222299
1772,Jalandhar Civil Hospital,0181 2233356
1773,Dr. Kanwaljit Singh Grover (KSG) Memorial Blood Bank ,0181 2224151
1774,Military Hospital ,8130105571
1775,Kidney Hospital and LifeLine Medical Institutions Blood bank,0181 244 0252
1776,Tagore Hospital & Heart Care Center Blood Bank,0181 4685777
1777,Ohri Hospital Blood Bank,0181 2222259
1778,Sacred Heart Hospital Blood Bank ,0181 267 0664
1779,SGL Charitable Hospital Blood Bank,1815043300
1780,Patel Hospital Private Limited Blood Bank,0181 3041255
1781,Ghai Hospital Blood Bank ,0181 2277837
1782,Shree Devi Talab Mandir Charitable Hospital Blood Bank,0181 2292319
1783,Joshi Hospital and Trauma Centre Blood Bank,0181 2620650
1784,Punjab Institute of Medical Sciences (PIMS) Blood Bank,0181 6606000
1785,Capitol Hospital Blood Bank,0181 2366666
1786,Johal Multispeciality Hospital Blood Bank,0181 2410820
1787,Nakodar Civil Hospital Blood Bank ,01821 220053
1788,Phillaur Civil Hospital Blood Bank ,01826 222549
1789,Kapurthala Civil Hospital Blood Bank ,01822-230070
1790,Phagwara Civil Hospital Blood bank,01824-228149
1791,Kapurthala Blood Donor Council Blood bank,01824 269681
1792,Khanna Civil Hospital Blood Bank ,01628220102
1793,Shri Guru Teg Bahadur Charitable Hospital,01614377147
1794,SNS Pahawa Charitable Hospital Blood Bank,0161 2534181
1795,Red Cross Regional Blood Bank,0161 2441257
1796,Dayanand Medical College & Hospital Blood Bank,0161 4687676
1797,Christian Medical College and Brown Memorial Hospital Blood Bank,01612115031
1798,Mohan Dai Oswal Cancer Treatment & Research Foundation Blood Bank,0161 2676101
1799,Ludhiana Civil Hospital Blood Bank ,0161 2610002
1800,Dr. B.L. Kapoor Memorial Hospital Blood Bank,0161 2743043
1801,Deepak Memorial Hospital Blood Bank,0161 4671100
1802,Shri Krishna Charitable Hospital Blood Bank,0161 5052550
1803,Fortis Hospital Blood Bank ,1615222333
1804,Satguru Pratap Singh Hospital (SPS) Blood Bank,0161 6117111
1805,Deep Nursing Home and Children Hospital Blood Bank,0161 5069210
1806,Shree Ragunath Hospital Blood Bank,0161 4361121
1807,Civil Hospital Samrala,8146570660
1808,Mansa Civil Hospital Blood Bank ,01652220208
1809,Moga Civil Hospital Blood Bank ,1636230540
1810,Banga Civil Hospital Blood Bank ,01823 260700
1811,Guru Nanak Mission Hospital Blood Bank,01823 260260
1812,"Blood Donors Council, Blood Bank ",01823 221940
1813,Pathankot Civil Hospital Blood Bank ,0186 2220180
1814,Chintpurni Medical College and Hospital Blood Bank,01870 250601
1815,Nabha Civil Hospital Blood Bank,01765 226361
1816,Government Medical College and Rajindra Hospital Blood Bank,0175 2203912
1817,Military Hospital Blood Bank,9872461083
1818,Life Line Blood Centre,0175 2351532
1819,Gian Sagar Medical College and Hospital Blood Bank,01762 510132
1820,Rajpura Civil Hospital Blood Bank,01762 225539
1821,Ananadpur Sahib Civil Hospital Blood Bank,0188 7232102
1822,BBMB Hospital Blood Bank,1887223902
1823,Rupnagar Civil Hospital Blood Bank ,01881 222080
1824,Kharar Civil Hospital Blood Bank,0160 2280797
1825,Sri Guru Harkrishan Sahib Charitable Eye Hospital Trust Blood Bank,0172 2295000
1826,"Fortis Hospital Mohali, Blood Bank",0172 469222
1827,Silver Oaks Hospital Blood Bank,0172 5097113
1828,Grecian Super Speciality Hospital Blood Bank,0172 469 6600
1829,Ivy Health and Life Sciences Private Limited,0172 7170121
1830,Max Super Specialty Hospital Blood Bank,0172 6652396
1831,Mohali Civil Hospital Blood Bank,01722223637
1832,Malerkotla Civil Hospital Blood Bank ,01675 253057
1833,Civil Hospital Blood Bank,01765 255602
1834,Sangrur Civil Hospital Blood Bank ,0167 2230130
1835,Muktsar Civil Hospital Blood Bank ,0163 3262275
1836,Patti Civil Hospital Blood Bank ,01851 244949
1837,Tarn Taran Civil Hospital Blood Bank ,01852 222755
1838,Guru Nanak Dev Super Speciality Hospital Blood Bank,01852 667100
1839,Amrit Kaur Government Hospital Blood Bank,01462 257222
1840,J.L.N. and A.G. Hospital Blood Bank,0145 2431842
1841,North Western Railway Hospital Blood Bank,0145 2461004
1842,Military Hospital Blood Bank,01491 220045
1843,"RAJKIYA MAHILA CHIKITSALAYA, AJMER",0145 2789212
1844,Mittal Hospital and Research Centre Blood Bank,0145 2603600
1845,Government Y.N. Hospital Blood Bank,01463 245602
1846,Rajiv Gandhi Government General Hospital Blood Bank,0144 2346033
1847,Seth Makhan Lal Mahawar Charitable Blood Bank Society,0144 2348277
1848,Kailash Hospital Blood Bank,01494 222222
1849,Mahatma Gandhi Government Hospital Blood Bank,02962 242483
1850,"Baran Government Hospital, Blood bank",07453 230322
1851,Barmer Government Hospital Blood Bank,02982 230402
1852,R. B. M. Hospital Blood bank,05644223633
1853,Raj Blood Bank Society,05644-221313
1854,Jindal Super Speciality Hospital Blood Bank,05644 236 800
1855,Mahatma Gandhi Hospital Blood Bank,01482 232 641
1856,Bhupal Singh Dhariwal Memorial Blood Bank ,01482 238113
1857,Ram Snehi Hospital Blood Bank ,01482 234 100
1858,Prince Bijoy Memorial Man&#39;s Hospital Blood bank,01512226333
1859,Sanjeevani Jan Sewa Samiti Blood Bank,0151 2235035
1860,Kothari Medical Centre and Research Institute Blood Bank,9414506583
1861,P.B.S.S.General Hospital Blood Bank,0747 2443456
1862,Shree Sanwaliyaji Government Hospital Blood Bank,01472 241102
1863,Rajasthan Atomic Power Station (R.A.P.S) Hospital Blood Bank ,01475 233250
1864,Government D.B. Hospital Blood Bank,01562 250333
1865,Ratangarh General Hospital Blood Bank,01567 222330
1866,Lion Charitable Trust Blood Bank,01568 225300
1867,Shri Ramkaran Joshi General Hospital Bood bank,01427-220960
1868,Dholpur Government Hospital,05642 220738
1869,Shri Haridev Joshi General Hospital Blood bank,02964 232413
1870,Life Line Blood Bank,01552 269135
1871,District Hospital Blood Bank,01552 224599
1872,Sawai Man Singh (S.M.S) Hospital Blood Bank,0141 2560291
1873,Santokba Durlabhji Medical Hopsital Blood bank,0141 256 6251
1874,Government Mahila Chikitsalaya Blood Bank,0141-2610542
1875,Zanana Hospital Blood Bank,0141 231 9350
1876,Bhagwan Mahaveer Cancer Hospital & Research Centre Blood Bank,0141-2700107
1877,Jaipuria Hospital Blood Bank ,0141 2552034
1878,Mahatama Gandhi National Institute of Medical Sciences (MGNIMS) Blood Bank,0141 2771777
1879,Swasthya Kalyan Blood Bank and Thalesemia Research Center,0141 2545293
1880,Monilek Hospital and Research Center Blood Bank,0141 2651393
1881,National Institute of Medical Sciences Blood bank,0142 6513118
1882,Agrasen Blood Bank,0141 2335569
1883,S.K. Soni Blood Bank,1415163940
1884,Fortis Escorts Hospital Blood Bank,0141254700
1885,Narayana Multispeciality Hospital Blood bank,0141 7122222
1886,Apex Swasthya Kalyan Blood Bank,0141 4101111
1887,Metro Blood Bank ,0141-6661234
1888,Pushpa Devi Memorial Blood Bank ,0141-2336135
1889,Life care Blood Bank,0141 223 6108
1890,Sevaytan Swasthay Kalyan Blood Bank,1412220290
1891,Government BDM Hospital Blood Bank,01421 222088
1892,Government S.J. Hospital Blood Bank,02992 251335
1893,Jalore Government General Hospital Blood Bank,02973-225098
1894,Jhalawar Hospital and Medical College Blood Bank,07432-233233
1895,Government B.D.K. Hospital Blood Bank,01592234789
1896,Birla Sarvajanik Hospital Blood Bank,01596 242 114
1897,Mahatma Gandhi Hospital Blood Bank,0291 263 9851
1898,Mathura Das Mathur Government Hospital Blood Bank,0291 2624300
1899,Umaid Hospital Blood Bank,0291 243 5730
1900,Military Hospital Blood Bank,0291 2566257
1901,Kanun Devi Parasmal Mehta Medical and Blood Bank,0291 5106836
1902,Kalapurnam General Hospital Khichan Blood Bank,02925 222970
1903,Ambika Hospital Blood Bank,0291-2721223
1904,AIIMS Hospital Blood Bank,0291 2740741
1905,Jodhpur Medical College,0291 1281551
1906,Government Hospital Karauli Blood Bank,07464 220029
1907,Kota Blood Bank Society,0744 2402020
1908,Krishna Rotary Blood Bank,0744 3291661
1909,Maharao Bhimsingh Hospital Blood Bank,0744 2322171
1910,New Hospital  Medical College Blood Bank,0744 24770477
1911,Shri Ram Blood Bank,0744 2437378
1912,Sudha Blood Bank,0744-3010086
1913,Bharat Vikas Parishad Chikitshalya Blood Bank,0744 2404501
1914,Government Hospital Blood Bank,01582 242985
1915,Government Bangar Hospital Blood Bank,02932 226059
1916,Government Hospital Blood Bank,02960 222030
1917,Bhagwan Mahavir Hospital Blood Bank,02933 258632
1918,Government District Hospital Blood Bank,01478 225104
1919,R.K. District Hospital Blood Bank,02952220433
1920,Riya Hospital Blood Bank,07463-230080
1921,Sawai Madhopur Government General Hospital Blood Bank,07462-234140
1922,S.K. Hospital Blood Bank,01572 270 499
1923,Shri MunshiRam Mittal Memorial Seva Samiti Blood bank,01572 270777
1924,Dr. K.M. Memorial Jain Heart & General Hospital Blood Bank,01572 253034
1925,Getwell Hospital and Research Center Blood Bank ,01572 271 101
1926,Government General Hospital Blood Bank,02972 220041
1927,Rotary International Global Hospital Blood Bank,02974228606
1928,Government Hospital Blood Bank,0154 2466009
1929,Tapovan Blood Bank,0154-2460412
1930,Swastik Blood Bank ,0154 2463764
1931,Purohit Charitable Trust Blood Bank,0154 2489635
1932,Sadat Government Hospital Blood Bank,01432 247416
1933,Maharana Bhupal Government Hospital Blood Bank,0294 252 8811
1934,GBH American Hospital Blood bank,0294 2426000
1935,Geetanjali Medical College and Hospital Blood Bank,0294 2500000
1936,Saral Blood Bank,0294 2416285
1937,Lokmitra Blood Bank and Thalassemia Research Centre,0294 2413100
1938,Pacific Medical College and Hospital Blood Bank,0294 3920000
1939,Central Blood Bank STNM Hospital,03592 207691
1940,Central Referral Hospital Blood Bank,03592 231137
1941,Government General Hospital Blood Bank,03595 264544
1942,Government  Head quarters Hospital,
1943,CANCER INSTITUTE HOSPITAL BLOOD BANK,044 22209150
1944,Rajiv Gandhi Government General Hospital,044 25305711
1945,The Institute of Child Health and Hospital for Children,044 28191132
1946,Government Kilpauk Medical College Hospital Blood Bank,044 28364955
1947,Southern Railway Headquarters Hospital,044 2674 1624
1948,ESIC Hospital And Occupational Diseases Centre Blood Bank,044 24893714
1949,Apollo Hospital Enterprises Limited Blood Bank,044 28294870
1950,Jeevan Blood Bank and Research Centre,0435 20220
1951,Apollo Speciality Hospital Blood Bank,044 24347288
1952,Madras Medical Mission(Institute of Cardio Vascular Diseses),044 26561801
1953,Kanchi Kamakoti Child Trust Hospital Blood Bank,044 42001800
1954,Vijaya Hospital Blood Bank,044 24881392
1955,MIOT Hospital Blood Bank,044 22492288
1956,Hindu Mission Hospital Blood Bank,044 22262244
1957,Lions Blood Bank and Research Centre,044 2261474
1958,International Centre for Cardio Thoracic and Vascular Diseases,044 42017575
1959,Dr.Kamatchi Memorial and Blood Component Research Centre ,044 66300300
1960,Bharathiraja Speciality Hospital Blood Bank,044 3011 3011
1961,Global Hospitals Blood Bank (A unit of Rabindranath GE Medical Association Pvt Ltd,044 22777000
1962,Sri Ramachandra Medical College and Research Institute Blood Bank,044 24768027
1963,Rotary Blood Bank,044 43584482
1964,St Thomas Blood Bank and Research Centre St Thomas Hospital,044 22319393
1965,Right Hospitals Blood Bank,044 26403939
1966,Apollo Hospitals Blood Bank,044 26533429
1967,Landsteiner Lakshmi Memorial Research Foundation,044 42320000
1968,Madras Egmore Lions Blood Bank and Research Foundation,044 28414949
1969,Government Royapettah Hospital Blood Bank,044 28482611
1970,Government Peripheral Hospital Blood Bank,044 26209490
1971,Government Kasthurbai Gandhi Hospital for Women & Children,044 28545123
1972,Institute of Obstetrics and Gynaecology Government Hospital for Women and Children,044 28194896
1973,Government RSRM Hospital,044 25901665
1974,Chennai Port Trust Hospital Blood Bank,044 25362201
1975,ESI Hospital Blood Bank,044 26449284
1976,Rotary Central TTK Voluntary Health Services (Dr Raganathan Memorial Blood Bank),044 22541692
1977, AA Lab Blood Bank,044 28170930
1978,Sree Venkateswara Blood Bank,044 25960226
1979,CSI Rainy Multi Speciality Hospital,044 40505050
1980,Dhanvandri Blood Bank and Research Centre of Sreemahalakshmi Charitable Health Trust,044 24310660
1981,ACS General Hospital ,044 23782176
1982,Muthukumaran Medical College Hospital and Research Institute,044 66344000
1983,Tagore Medical College Hospital Blood Bank,044 30101111
1984,Fortis Malar Hospitals Limited Blood Bank,044 42892222
1985,Madha Medical College and Hospital Blood Bank,044 24780333
1986,Billroth Hospitals Limited Blood Bank,044 42921767
1987,Government Stanley Hospital Blood Bank,044 25284941
1988,M/S SRM Institutes For Medical Science,044 23626815
1989,Government Kasturba Gandhi Hospital Blood Bank,
1990,Sree Balaji General Hospital Blood Bank,044 22415600
1991,Indian Red Cross Society Blood Bank,044 28554425
1992,The Tamil Nadu Dr. MGR Medical University Blood Bank,0442 22353546
1993,ESI Hospital Blood Bank,0422 2300871
1994,Coimbatore Medical College Hospital Blood Bank,0422 2301393
1995,KG Hospital Blood Bank,0422 2212121
1996,PSG Hospital Blood Bank,0422 2570170
1997,G. Kuppusamy Naidu Memorial Hospital Blood Bank,0422 4305336
1998,Ramakrishna Hospital Blood Bank,0422 450 0000
1999,Ramana Gounder Medical Trust Hospital Blood Bank,0422 2642488
2000,Ganga Hospital Blood Bank,0422 4250000
2001,Kongu Nadu Hospital Private Limited Blood Bank,0422 4316000
2002,Lions Club of Coimbatore Legend Blood Bank Research Centre,04222477373
2003,Shanthi Social Services Medical Centre Blood Bank,0422 2576122
2004, Kuriji Hospital Blood Bank (A Unit of Vangal Amman Health Service Limited),0422 2562744
2005,Sree Abirami Hospital Private Limited Blood Bank,0422 246 6666
2006,Government Hospital Blood Bank,04254 272275
2007,Sheela Hospitals Blood Bank,0422 4334500
2008,Kovai Medical Centre and Hospital Blood Bank,0422 4323800
2009,IMA Rotary Midtown Mahaveer Blood Bank,0422 6513322
2010,The Coimbatore Bio Medical Services Blood Bank,0422 2552297
2011,Karpagam Hospital Blood Bank,0422 6554443
2012,Swaasam Blood Bank (Run by Any time Blood Voluntary Association),099425 44454
2013,RVS Hospital Blood Bank,0422 2682942
2014,Government Hospital Blood Bank,04259 229322
2015,Pollachi Blood Bank Services,04259 223414
2016,Rajah Muthiah Medical College and Hospital Blood Bank,04144 238147
2017,Kamaraj Government Hospital Blood Bank,04144 223099
2018,Hi Tech Blood Bank and Research Foundation,04142 230977
2019,Government Hospital Blood Bank,04143 231766
2020,Government Head Quarters Hospital Blood Bank,04142 292052
2021,Blood Donor Association Blood Bank,04142 231711
2022,Neyveli Lignite Corporation,04142 2522784
2023,Dharmapuri Medical College Hospital Blood Bank,04342 231748
2024,Ashok Blood Bank and Clinical Laboratory,0434 2260627
2025,Om Sakthi Blood Bank,04342 260388
2026,Christian Community Health Center and Hospital Blood Bank,04553 249050
2027,St.Joseph Hospital Blood Bank,04512 421130
2028,Indian Blood Bank,0451 2429393
2029,Dindigul Blood Bank,0451 2427143
2030,Government Head quarters Hospital Blood Bank,04511 2424600
2031,Leonard Hospital Blood Bank,04543 262670
2032,Palani Blood Bank (Run by Annai Educational Trust),04545 245501
2033,Kasturba Hospital Blood Bank,04510 2452328
2034,Christian Fellowship Hospital Blood Bank,04553 241226
2035,Government Hospital Blood Bank,04542 248553
2036,Erode Blood Bank and Clinical Laboratory,04242 253163
2037,Kongu Blood Bank,0424 2263537
2038,Lotus Blood Bank,04242 282828
2039,Lions Club of Erode Supreme Charitable Trust Blood Bank,0424 2257744
2040,Dhanvantri Charitable Trust Blood Bank,04295 2233322
2041,IRT Perunthurai Medical College Hospital Blood Bank,04294 220910
2042,Idayam Hospitals Erode Limited Blood Bank,04242 256456
2043,Sri Saanthi Blood Bank (Run by Kaveri trust),
2044,Government Head quarters Hospital Blood Bank Erode,
2045,Government Hospital Blood Bank,04285 227153
2046,Sri Ram Blood Bank,04285 222596
2047,Chengalpattu Medical College Hospital Blood Bank,044 27431909
2048,Shri Sathya Sai Medical College and Research Institute Blood Bank,9842139353
2049,Essar Blood Bank,
2050,"Military Hospital Blood Bank, St. Thomas Mount",044 25316500
2051,Meenakshi Medical College Hospital and Research Institute Blood Bank,044 27264096
2052,Government Aringnar Anna Memorial Cancer Hospital Blood Bank,044 27264244
2053,Government Head Quarters Hospital Blood Bank,044 27222307
2054,Annai Medical College and Hospital Blood Bank (Run by Sri Devi Karumari Amman Educational Trust),044 27162100
2055,SRM Medical College Hospital Blood Bank,044 27455707
2056,Chettinad Hospital and Research Institute Blood Bank,044 4741000
2057,Madurantakam Government Hospital Blood Bank,044 27555216
2058,Karpaga Vinayaga Institute of Medical Sciences Blood Bank,044 27566050
2059,Government Hospital Tambaram Blood Bank,044  22382400
2060,Saveetha Medical College and Hospital Blood Bank (A unit of Saveetha Institute of Medical and Technical Sciences,044 26810299
2061,Deen Dayal Hospital Blood Bank,044 27677700
2062,M/s Marthandam Blood Bank,
2063,Sree Mookambika Institute Medical Science Blood Bank,04651 2788250
2064,Government Head Quarters Hospital Blood Bank,04651 256023
2065,"M/S Indian Medical Centre, Dr Kumarsawamy Health Center",
2066,Catherine Booth Hospital Blood Bank (Run By The Salvation Army),04652 275516
2067,Kanyakumari Medical College Hospital Blood Bank,04652 236949
2068,AV Rajan Blood Transfusion Services Clinical and Research Laboratories,04652 225427
2069,Royal Blood Bank  (Run by Royal Medical Trust),04652 229903
2070,Kanya Blood Bank,04652 279850
2071,Vivek Blood Bank,04652 230108
2072,Dr. Jeyasekharan Medical Trust and Nursing Home Blood Bank,04652 230019
2073,Thangam Blood Bank (Run by Thangam Chartiable Community Health Trust) William Hospital,04652 277955
2074,Bensam Hospital Blood Bank,04652 232532
2075,Lords Blood Bank (Run By Rajamony Memorial Educational Charitable Trust),04651 231112
2076,Siventhi Blood Bank (Siventhi Medical Trust),04652 221221
2077,Kanyakumari Medical Mission CSI Hospital Blood Bank,04651 222222
2078,Karur Blood Bank,0432 4236177
2079,Government Head Quarters Hospital Blood Bank,0432 4260197
2080,M/S. Rainbow Blood Bank ( Run by rainbow Health &Educational Trust) ,
2081,M/s Karur Voluntary Blood Bank and Laboratary,
2082,M/S TCR Blood Bank ( Run by TCR hospital & Charitable Trust),04343 239393
2083,Government Hospital Blood Bank,04344 222635
2084,Arogya Blood Bank (A Unit of Arogya Seva Hospitals Private Limited),04344 225555
2085,Life Care Voluntary Blood Bank (Run by Life Care Trust),04344 221716
2086,Government Head Quarters Hospital Blood Bank,04343 238880
2087,Karunya Hospital Blood Bank,04343 235512
2088,Government Rajaji Hospital Blood Bank,0452 2520950
2089,Meenakshi Mission Hospital and Research Centre Blood Bank,0452 2588741
2090,Thai Moogambigai Blood Bank and Clinical Laboratory,0452 2535685
2091,The Apollo Speciality Hospital Blood Bank,0452 2581147
2092,Vadamalayan Hospital Blood Bank,0452 2545400
2093,Sivan Blood Bank Run by Lakshmiammal Memorial Trust,0452 2536562
2094,Velammal Medical College Hospital and Reserach Institute Blood Bank,0452 25110033
2095,Satyam Blood Bank,0452 2330327
2096,Annai Abirami Blood Bank,0452 2339750
2097,Vignesh Blood Bank,04522 582562
2098,Madhura Blood Bank,0452 4352535
2099,Christian Mission Hospital Blood Bank,0452 2326458
2100,Government Head Quarters Hospital Blood Bank,04552 252185
2101,M/S Jeevan Blood Bank,
2102,Government Hospital Blood Bank,04364 223451
2103,Government Head Quarters Hospital Blood Bank,04365 248600
2104,Bharath Clinical Laboratory and Blood Bank,04286 22002705
2105,Shharc Charity Blood Bank,0428 6234552
2106,Government Head Quarters Hospital Blood Bank,04286 221411
2107,Government Hospital Blood Bank,04287 222878
2108,Government Hospital Blood Bank Thiruchengode,
2109,Vivekanandha Medical Care Hospital Blood Bank,04288 234677
2110,Government Head Quarters Hospital Blood Bank,04328 277128
2111,Muthu Medical Center Blood Bank (Muthu Charitable Trust),0432 8277477
2112,Dhanalakshmi Srinivasan Medical College and Hospital Blood Bank,04328 327999
2113,M/S Kanakesa Thevar Memorial Hospital Blood Bank,
2114,Sree Meenakshi Multi Speciality Hospital Blood Bank (Run by Ayyamperumal and K Dakshinamoorthy Trust),04322 220234
2115,Government Head Quarters Hospital Blood Bank,04332 228111
2116,Government Hospital Blood Bank,04371 270544
2117,Government Headquarters Hospital Blood Bank,04567 228178
2118,M/S Ramnad Blood Bank( Run by C.Lakshmiammal Memorial Trust),
2119,Government Hospital Blood Bank,04282 243771
2120,Annai Blood Bank,04282 241401
2121,Government Head Quarters Hospital Blood Bank,04298 245400
2122,Government Mohan Kumaramangalam Medical College Hospital Blood Bank,04272 210964
2123,Sri Gokulam Hospital Blood Bank,0427 2448171
2124,Sithi Vinayagar Blood Bank,0427 2312577
2125,Vinayaga Mission Kirubananda Variar Medical College Hospital Blood Bank,0427 3982000
2126,KSM Blood Bank (Run by Maruti Charitable Trust),0427 2446788
2127,Salem Blood Bank,04272 265432
2128,Kurinji Hospital Blood Bank,0427 2433321
2129,Maruti Blood Bank,0427 2444962
2130,Sivaramji Blood Bank (Unit of Janaseva Trust),0427 2318003
2131,Salem Steel Authority of India Salem Steel Plant,0427 2388263
2132,Minu Labs and Blood Bank,0427 2318881
2133,S Palaniyandi Mudaliar Memorial Hospital Blood Bank,0427 2244500
2134,Sri Shellapha Hospital Blood Bank,0427 2421266
2135,M/S SKS Hospital Blood Bank ( Unit of SKS Hospital (I) Private Limited),
2136,KaraiKudi Blood Centre (Run by Vivekananda Trust),04565 401644
2137,Government Sivagangai Medical College Hospital Blood Bank,04575 246356
2138,Government Head Quarters Hospital Blood Bank,04565 221782
2139,Sri Kaali Blood Bank,0435 242 6037
2140,Government Head Quarters Hospital Blood Bank,0435 2425104
2141,Government Hospital Blood Bank,04373 252080
2142,Thanjavur Medical College Hospital Blood Bank,04362 246452
2143,Sri Kaali Blood Bank,0435 2426037
2144,Voluntary Blood Bank,9150522642
2145,KMR Blood Bank (Run by KMR Charitable Trust),
2146,Government Raja Mirasudar Hospital,04362 276880
2147,Ambigai Blood Bank,04362 239032
2148,Lakshminarayana Blood Bank,04362 255485
2149,Indian Red Cross Society Blood Bank,04362 273456
2150,Meenakshi Hospital Blood Bank,0436 2226474
2151,Government Lawley Hospital Blood Bank,0423 2231050
2152,Government Taluk Hospital Blood Bank,04262 261222
2153,Gudalur Adivasi Hospital Blood Bank (Previously named as Ashwini hospital & under Ashwini trust),0426 2261645
2154,"Government Head Quarters Hospital, Ooty",
2155,Government Head quarters Hospital,0423 2446146
2156,Military Hospital Blood Bank,0423 2200154
2157,Government Head Quarters Hospital Blood Bank,04546 231292
2158,Government Theni Medical College Hospital Blood Bank,04546 294053
2159,Vikram Clinical Blood Bank,0452 322282
2160,Government Head Quarters Hospital Blood Bank,044 27664849
2161,Government Medical College and Hospital Blood Bank,04366 222204
2162,Sri Venkateswara Hospital Blood Bank,04366 242866
2163,Government Head Quarters Hospital Blood Bank,04632 223106
2164,Sudiksha Prabhu Hospital Blood Bank and Research Centre,04632 233939
2165,Aarthi Hospital Blood Bank,04362 223346
2166,Government Thoothukudi Medical College Hospital Blood Bank,0462 2321052
2167,Tuticorin Blood Bank,0461 4200666
2168,Rajesh Tilak Hospital Blood Bank,
2169,M/S Moses Blood Bank,
2170,M/S AVM Hospital Blood Bank,
2171,Southern Railway Hospital Blood Bank,0431 249 0708
2172,Bharath Heavy Electricals Limited Hospital Blood Bank,0431 2571810
2173,Mahathma Gandhi Memorial Government Hospital Blood Bank,0431 2770047
2174,KMC Speciality Hospitals Blood Bank ( Kaveri Hospitals),0431 4077777
2175,Bharath Blood Bank  ,0431 2760995
2176,Friends Blood Bank,0431 2460646
2177,Victory Blood Bank,0431 2768588
2178,Doctors Blood Bank and Research Centre ,0431 274004
2179,Chennai Medical College Hospital and Research Centre,0431 4298925
2180,Government Headquarters Hospital Blood Bank,0432 260760
2181,Church of South India Mission General Hospital Blood Bank,0431 2761927
2182,Child Jesus Hospital Blood Bank,0431 2415816
2183,Blood Bank of Shavana,0431 2750321
2184,M/S Apollo Speciality Hospitals Blood Bank,
2185,Government Hospital Blood Bank,04634 253480
2186,Bethel Blood Bank,0462 2574775
2187,Government Hospital Blood Bank,04636 222399
2188,Government Head Quarters Hospital Blood Bank,04633 280138
2189,Shifa Hospitals Blood Bank,0462 2323041
2190,Tirunelveli Medical College Hospital Blood Bank,0462 2576878
2191,Kartheek Nursing Home Blood Bank,0462 2530409
2192,Life Line Blood Bank Component and Research Centre ,0462 4560430
2193,Aarthi Hospital and Diagnostic Centre Blood Bank,0462 2501363
2194,Galaxy Hospital Blood Bank,0462 2501951
2195,Sardar Raja Mission Hospital Blood Bank,04637 231905
2196,M/S Annai Blood Bank,
2197,Government Hospital Blood Bank,04258 220226
2198,Revathy Medical Centre Blood Bank,0421 4332211
2199,DSK Hospital Blood Bank,0421 2422434
2200,Sri Kumaran Hospital Blood Bank,0421 4330000
2201,Government Head Quarters Hospital Blood Bank,0421 2423400
2202,Government Hospital Blood Bank,04252 220092
2203,Udumalpet Indian Medical Association Rotary Blood Bank,04252 226458
2204,Government Medical College Hospital Blood Bank,04175 223585
2205,ST Thomas Hospital Blood Bank and Leprosy Centre,04181 252263
2206,Government Medical College Hospital Blood Bank,04162 263900
2207,Government Hospital Blood Bank,04174 244656
2208,Bethesda Hospital Blood Bank,04174 242131
2209,Government Hospital Blood Bank Arakonam,
2210,Government Hospital Blood Bank,04171 221100
2211,Government Head Quarters Hospital Blood Bank,04179 220080
2212,Government Hospital Blood Bank,04174 225700
2213,CMC Hospital Blood Bank,0416 2222102
2214,Masonic Blood Bank,0416 2220717
2215,Sri Narayani Hospital and Research Centre Blood Bank,0416 2206300
2216,Government Head Quarters Hospital Blood Bank,04172 232538
2217,Government Head Quarters Hospital Blood Bank,04151 222527
2218,Melmaruvathur Adiparasakthi Institute of Medical Sciences and Research Blood Bank,044 27528302
2219,Government Hospital Blood Bank,04147 222250
2220,St Joseph Hospital Blood Bank,04147 226363
2221,Government Hospital Blood Bank,04149 222201
2222,Balaji KMR Charitable Trust Blood Bank,04142 51666
2223,Government Villupuram Medical College and Hospital Blood Bank,04146 232101
2224,GN Blood Bank,04146 225545
2225,Government Hospital Blood Bank,04566 220264
2226,Government Hospital Blood Bank,04563 221301
2227,Sai Blood Bank and Clinical Laboratory,04563 230516
2228,Sri PAC Ramasamy Raja Rotary Blood Bank (Run by Rajapalayam rotary),04563 226625
2229,Government Hospital Blood Bank,04562 220301
2230,Sri Annai Blood Bank,04562 222956
2231,Virudhunagar Hindu Nadar V Dhanasamy Parimala Devi Medical Trust Blood Bank,04562 243060
2232,Government Head Quarters Hospital Blood Bank,04562 244425
2233,Rajiv Gandhi Institute of Medical Sciences Blood Bank,8732224108
2234,Sri Lakshmi Blood bank,8732230777
2235,Indian Red Cross Society Blood Bank,08736259259
2236,Singareni Collieries Co. Ltd Blood bank,08736-228677
2237,Indian Red Cross Society Blood Bank,9440387455
2238,The Singareni Collieries Co. Ltd,08736 228677
2239,Prime Hospital Blood Bank,040 44569973
2240,Image Hospital Blood Bank ,040 23755555
2241,Challa Hospital Blood Bank (A Multi Speciality Hospital),040 23731215
2242,Aarohi Blood Bank,040 23384212
2243,Institute of Transfusion Medicine and Research,040 23328956
2244,NTR Trust Blood Bank,040 30799999
2245,Care Hospital Blood Bank,040 30418296
2246, Star Hospitals Blood Bank,040 44777777
2247,Basavatarakam Indo-American Cancer Hospital and Research Institute Blood Bank,040 23551235
2248,Mythri Charitable Trust Blood Bank and Transfusion Centre,040 27550238
2249,Sanjeevini Blood Bank,040 27667500
2250,Sai Vani Super Speciality Hospital Blood Bank ,8978021111
2251,The Military Hospital Blood Bank,040 27792580
2252,Rudhira Voluntary Blood Bank,040 23220222
2253,Satya Nursing Home Blood Bank,040 66753026
2254,Nizams Institute of Medical Sciences Blood Bank,040 23489722
2255,The Osmania General Hospital Blood Bank,040 24600146
2256,MNJ  Institute of Oncology and Regional Cancer Centre Blood Bank,040 23397000
2257,General Chest Hospital,040-23814939
2258,Lions Club of Hyderabad(East) Bhanji Kheraj Blood Bank,040 24745243
2259,Blood Bank Thelasemia and Sickle Cell,9391029400
2260,Andhra Mahila Sabha Durgabhai Deshmukh Hospital & Blood Bank,040 27656969
2261,Share Medical Care (Mediciti Hospital) Blood Bank,040 23231111
2262,Mahavir Hospital and Research Centre Blood Bank,040 23497377
2263,Aditya Hospital Blood Bank,040 24763565
2264,Himabindhu Multispeciality Hospital Blood Bank,040 64558828
2265,Genetic Products Charitable Association Blood Bank,040 23411658
2266,Thalassemia and Sickle Cell Society Vuppala Venkaiah Memorial Blood Bank,040 24403783
2267,NEW LIFE EDUCATIONAL SOCIETY BLOOD BANK ,040 24575757
2268,Apollo Hospital Blood Bank,040 23607777
2269,Employees State Insurance Corporation Medical College Hospital Blood Bank,040 67872049
2270,Venus Hospital Blood Bank,040 24650776
2271,Yashoda Super Speciality Hospitals Blood Bank,040 23319999
2272,Apollo Hospital Enterprises Ltd,040 23231380
2273,Lions Club Matadin Goel Blood Bank,040 23226624
2274,Chiranjeevi Blood Bank,040 23555005
2275,Owaisi Medical and Research Centre,040 64638871
2276,"Apollo Hospital Enterprises Ltd, Apollo DRDO Hospital Blood Bank",040 24342222
2277,Kamineni Health Services Pvt.Ltd. Blood Bank,040 66924030
2278,The Government  Maternity Hospital,040 23305967
2279,Global Hospital Blood Bank,040 23244444
2280,Sri Balaji Blood Bank (A Unit of Sri Balaji Educational Society),040 64522466
2281,Vivekananda Environmental International Society Social Service Blood Bank,040 64606048
2282,Premier Hospital Blood Bank,040 23774469
2283,Jaya Diagnostic Research Centre Medwin Hospital Blood Bank,040 66516502
2284,Care Hospital Blood Bank (A Unit of Quality Care India Limited),040 30417445
2285,Institute of Preventive Medicine,040 27557733
2286,M G M H BLOOD BANK (Government Modern Maternity Hospital),040 24523641
2287,Rakshita Voluntary Blood Bank,040 65263309
2288,The Govt. Niloufer Hospital Blood Bank,040 23314075
2289,"Health, Agriculture, Rural Development Society (HARD)  Blood Bank",040 23300859
2290,The ESI Hospital Blood Bank,040 23701232
2291,St. Theresa&#39;s Hospital Blood Bank,040 23802255
2292,Gandhi Hospital Blood Bank,040 27505566
2293,Lions Club of Secunderabad Twin Cities,040 32411317
2294,Yashoda Hospital (A Unit of Datta Chandra Hospital Pvt. Ltd.)  Blood Bank,040 23319999
2295,South Central Railway Hospital,040 27789173
2296,Andrha Pradesh State Road Transport Corporation Hospital Blood Bank,040 27018691
2297,Vivekananda Environmental International Society Social Service Blood Bank,040 64505032
2298,Janani Voluntary Blood Bank (A Unit of Janani Organization),040 65603222
2299,Military Hospital Blood Bank,040 27886559
2300,Krishna Institute of Medical Sciences Blood Bank,040 44186253
2301,Jeevadhara Voluntary Blood Bank (A Unit of Jeevadhaara Society),040 65996696
2302,Sunshine Hospital Blood Bank,040 64643345
2303,Sri Devi Charitable Trust Blood Bank,040 27016016
2304,Princess Esra Hospital Blood Bank,040 65875989
2305,Asian Institute of Gastroentrology Blood Bank,040 23378888
2306,RTC Hospital,040-27018691
2307,Indian Red Cross Society Blood Bank,040 27633087
2308,Chalmeda Ananda Rao Institute of Medical Sciences Blood Bank,0878 2285565
2309,Singareni Collieries Co.Ltd Blood Bank,08728-244362
2310,Nelavelly Blood Bank,8724230333
2311,"Indian Red Cross Society Jagityal, Blood Bank",9441290111
2312,Government District Head Quarters Hospital Blood Bank,0878 2240223
2313,Indian Red Cross Society Blood Bank,0878 6451199
2314,Life Care Voluntary Blood Bank,9441038039
2315,Prathima Institute of Medical Sciences Blood Bank,0878 2216500
2316,Apollo Reach Hospitals - Apollo Blood Bank,0878 2200000
2317,The Government Area Hospital Blood Bank,9347563589
2318,The APVVP District Head Quarters Hospital Blood Bank,08742 224815
2319,Rudhira Voluntary Blood Bank,08742 220666
2320,Mamata General Hospital Blood Bank,08742 230864
2321,Siva Multi Speciality Hospital Blood Bank,08742 231883
2322,The Government Area Hospital Blood Bank,08008204232
2323,The Singareni Collieries  Co. Ltd,09491145226
2324,Sarala Blood Bank ,9393667032
2325,Singareni Collieries Co. Ltd,9866803810
2326,Asha Emergency & Chest Hospital Blood Bank,8790276999
2327,Singareni Collieries Co. Ltd,9491145024
2328,Indian Red Cross Society ,08546 271757
2329,Government District Head Quarters Hospital Blood Bank,9440635240
2330,Indian Red Cross Society Blood Bank,08542 223225
2331,IRCS & RCH-II  Blood Bank District Hospital Wanaparthy ,08545 230133
2332,SVS Medical College Hospital Blood Bank,9958758150
2333,Maheshwara Medical College and Maheshwara Hospital Blood Bank,7032888434
2334,Bharat Heavy Electricals Limited Hospital ,040 23184386
2335,The APVVP District Head Quarters Hospital,09346783440
2336,M.N.R. Medical College Hospital,9989568066
2337,Indian Red Cross Society,9440037038
2338,Government District Head Quarter Hospital Nalgonda,9441367822
2339,Jyothi Hospital Blood Bank,9010683832
2340,Indian Red Cross Society,09849193555
2341,Kamineni Institute of Medical Sciences Hospital ,9347319168
2342,Lions Club Blood Bank,08684 224699
2343,"Indian Red Cross Society ,RCH-II",8684224699
2344,Sai Prasad Orthopedic Hospital,08684 223223
2345,Indian Red Cross Society,08468 221096
2346,V.T.Thakur Memorial Rotary,08468 222222
2347,The Government District Headquarters Hospital ,08462 251251
2348,Indian Red Cross Society,08462 222002
2349,Perali Narasaiah Memorial Charitable Trust ,08462 220141
2350,S.B.Voluntary Blood Bank,08462 646430
2351,M.M.Voluntary Blood Bank,040 23774469
2352,BBR Multispeciality Hospital Blood Bank,040 23773333
2353,Janani Voluntary Blood Bank,040 23150496
2354,Life Voluntary Blood Bank,040 23059222
2355,Ozone Institute of Medical Sciences Hospital Blood Bank,040 30108109
2356,Rajyalakshmi Charitable Trust Blood Bank (A Unit of Rajyalakshmi Charitable Trust),040 64597760
2357,Kamineni Hospitals Private Limited Blood Bank,9491061343
2358,Continental Hospital Blood Bank,040 67000000
2359,Asian Blood Bank of Asian Health Foundation,9866192213
2360,ADRM Hospital and Blood Bank,040 27035588
2361,Narayana Hrudayalaya Mallareddy Hospital Blood Bank,040 23783106
2362,Ram Hospital Blood Bank,040 23095757
2363,Malla Reddy Medical College and Malla Reddy General Hospital Blood Bank,040 23783000
2364,Shadan Institute of Medical Sciences Teaching Hospital & Research Centre Blood Bank,040-20021037
2365,Aware Global Hospital Blood Bank,040 24111111
2366,Medicity Institute of Medical Sciences Blood Bank,08418 256256
2367,Usha Mullapudi Cardiac Centre,040 23090609
2368,Bhaskar Medical College and General Hospital Blood Bank,08413 235446
2369,Dr. V. R. K. Womens college and general Hospital Blood Bank,08413 235074
2370,SLMS Hospital Blood Bank,040 64579998
2371,Ayaan Institute of Medical Sciences (AIMS),9849651516
2372,Citizens Hospital Blood Bank,040 67191919
2373,Indian Red Cross Society Blood Bank,08416 252227
2374,"Indian Red Cross Society, Blood Bank",0870 2456765
2375,Indian Red Cross Society Blood Bank RCH-II ( Jangaon),09440026445
2376,Government Mahatma Gandhi Memorial Hospital Blood Bank,9490611947
2377,Warangal Institute of Medical Sciences Blood Bank,8885566247
2378,Saint Anns Hospital Blood Bank,9866309453
2379,Singareni Collieries Company Limited Area Hospital Blood Bank,08713 248104
2380,Mother Voluntary Blood Bank,7386698009
2381,Kakatiya Voluntary Blood Bank (A Unit of Life Care Medical and Educational Society),0870-2448243
2382,Bimal Singha Memorial Hospital Blood Bank,03826 262232
2383,District Hospital Gomati Blood Bank,9436131338
2384,District Hospital  Blood Bank Dharmanagar,0382 2231621
2385,R.G.M Hospital Blood Bank Unakoti ,0382 4222221
2386,Indira Gandhi Memorial Hospital Blood Bank,0381 2325736
2387,Tripura Medical College and Dr. B.R.A.M. Teaching Hospital Blood Bank,0381 2374144
2388,ILS Hospital Blood Bank,0381 2415000
2389,Agartala Govt. Medical College GBP Hospital Blood Bank,0381 2355069
2390,Military Hospital,0562 2452712
2391,Samarpan Blood Bank,0562 2855080
2392,District Hospital Blood Bank,0562 2463043
2393,S.N. Medical College,05622 260353
2394,Agra City Blood Bank,0562 2262122
2395,Goyal Jan Suvidha Charitable Blood Bank,0562 3255164
2396,Life Line Charitable Blood Bank,9997031902
2397,Pushpanjali Hospital and Research Centre Private limited,0562 4024000
2398,Sanjeevani Charitable Blood Bank ,0562 2858573
2399,Lions Agra Mahan Charitable Blood Bank (Suspande),08800798445
2400, Lokhitam Blood Bank,0562 3276700
2401,G.R. Hospital and Research Centre Private limited,9027111947
2402,Pushpa Maa Samaj Charitable Blood bank,0562 6451121
2403,Sri Jagdamba Charitable Blood Bank and Component,0562 6541977
2404,Manav Seva Charitable Blood Bank,7500809089
2405,Moolchand Medicity Blood Bank,
2406,Amrit Charitable Blood Bank,7351002664
2407,Om Charitable Blood Bank ,9536362182
2408,"Malkhan Singh, District Hospital Blood Bank",0571 2523338
2409,Har Prasad Blood Bank,0571 2405420
2410,J.N. Medical College Blood Bank,0571 2720016
2411,Dev Hospital Blood Bank,0571 2410061
2412,Jeevan Jyoti Blood Bank,0571 2400515
2413,"Jeevan Sanjeevan Blood Bank, Jeevan Hospital",0571 2506162
2414,Life Care Charibable Blood Bank,9927762424
2415,Shanti Nursing Home Blood Bank,0571-2742300
2416,"S.R.N. Hospital, M.L. N. Medical College",0532 2256507
2417,Military Hospital Blood Bank,
2418,Moti Lal Nehru District Hospital Blood Bank,0532 2240031
2419,S.M. Medicare Private Limited Blood Bank,0532 2461665
2420,AMA (Allahabad Medical Association) Blood Bank,0532 2266513
2421,Tejbahadur Sapru Hospital Blood Bank,0532 2267687
2422,Mahamaya Rajkiya Allopathic Medical College,05273 213000
2423,Jyotibaphule Combined District Hospital Blood Bank,
2424,Venkateshwara Institute of Medical Sciences Blood Bank,09837041039
2425,District Combined Hospital Blood Bank,0592 2253065
2426,District Hospital Blood Bank,0583 242239
2427,Govt. Medical College & Super Facility Hospital Azamgarh,9450334293
2428,District Hospital Blood Bank,05462 265172
2429,Maha Mritunijaya Hospital Lord Budha Medical College Blood Bank,05462 245777
2430,District Combined Hospital Blood Bank,
2431,"M/s Astha Blood Bank and Components, Astha Multispeciality Hospital",9690261262
2432,District Hospital Blood Bank,05252 237265
2433,District Hospital Blood Bank,8382957867
2434,Combined District Hospital Blood Bank,05263 235776
2435,District Hospital Blood Bank,05192 220415
2436,District Hospital Blood Bank,05248 228580
2437,Hind Institute of Medical Sciences,05248 221399
2438,Mayo Institute of Medical Sciences Blood Bank,05248 229696
2439,Military Hospital Blood Bank,0581 2403584
2440,District Hospital Blood Bank,0581 2550009
2441,Ganga Sheel Charitable Trust Blood Bank,0581 2510083
2442,Sri Ram Murti Samarak Institute of Medical Sciences Blood Bank,0581 2582014-25
2443,Keshav Madho Blood Bank and Pathology,0581 2540318
2444,Ruhelkhand Medical College and Hospital Blood Bank,0581 2526011
2445,Clara Swain Mission Hospital Blood Bank,0581 2500000
2446,IMA Blood Bank,0581 2422900
2447,IMA Blood Bank,
2448,Rajshree Medical Research Institute,8192000281
2449,District Hospital Blood Bank,05542 283273
2450,M/s Sewa Blood Bank,5542209030
2451,OPEC Hospital Blood Bank,05542 283021
2452,District Hospital Blood Bank,01342 262710
2453,Sarvodaya Jankalyan Samati,04344 230464
2454,Shubham Sarvam Charitable Blood Bank,9456040012
2455,District Hospital Blood Bank,05832 266264
2456,Wadhwa Blood Bank,05732 233998
2457,Babu Banarasi Das District Hospital Blood Bank,05732 254633
2458,NAPS (Narora Atomic Power Station) Hospital Blood Bank,05734 222261
2459,Pt. Kamlapati District Combined Hospital,05412 260497
2460,Combined District Hospital Blood Bank,05198 236555
2461,District Hospital Blood Bank,05568 227691
2462,District Hospital Blood Bank,0574 2234091
2463,Dr. Bhimrao Ambedkar Combined Hospital (District Hospital),05688 255526
2464,Rural Institute of Medical Sciences and Research,05688 276563
2465,Achintya Charitable,5688263015
2466,District Hospital Blood Bank,05278 220078
2467,Chandan Diagnostics Center and Blood Bank,
2468,The Care Hospital Blood Bank,05692-240248
2469,Dr. Ram Manohar Lohiya Joint Hospital,05692 240256
2470,District Hospital Blood Bank,
2471,District Hospital Blood Bank,9719429909
2472,Shyam Nursing Home and Blood Bank,05180 221166
2473,"SNM, District Hospital Blood Bank",9639011119
2474,Jeevan Dhara Blood Bank,
2475,Dr. M.C. Agrawal Hospital and Research Centre Private limited,
2476,F.H. Hospital Blood Bank,08477936666
2477,Sevarth Sansthan Blood Bank,05612 240022
2478,Naveen Hospital,0120 2321356
2479,International Hospital Private Limited Blood Bank,0120 4300222
2480,Noida Charitable Blood Bank,0120-2414555
2481,Sharda Hospital Blood Bank,0120 3212361
2482,Kailash Hospital Llimited,0120 2327338
2483,Shri Krishna Life Line Hospital Blood Bank ,120 2399180
2484,Kailash Hospital and Heart Institute ,0120 2444444
2485,Metro Hospital and Heart Institute,0120 2533491
2486,Prayag Hospital and Research Centre,0120 4021900
2487,Prakash Hospital Blood Bank,0120 2505264
2488,Rotary Noida Research and Social Welfare Trust Blood Bank,0120 4282685
2489,Dr. Bhimrao Ambedkar Multi Specialty Hospital Blood Bank,09818789357
2490,Yatharth Wellness Super Speciality Hospital and Heart Care Blood Bank,08800797906
2491,Jaypee Hospital Blood Bank,0120 4582868
2492,Modern Pathology and Blood Bank,0120 2752570
2493,Santosh Medical and Dental College,0120 2791741
2494,"MMG, District Hospital Blood Bank",0120 2853030
2495,Yashoda Hospital and Research,0120 4182000
2496,Life Line Blood Bank,0120 2793989
2497,"Yashoda Hospital and Research Centre Limited, Kaushambi",0120 4181900
2498,Lok Priya Hospital Blood Bank,01232 247556
2499,"Pushpanjali Crossley Hospital (Max Superspeciality Hospital, Vaishali)",0120 4173042
2500,M/s Shanti Gopal Hospital Blood Bank,0120 4777000
2501,Divya Joyati Institute Of Medical Science & Research,9368564762
2502,Family Health Care Hospital Blood Bank,0120 4225556
2503,Atlanta Mediworld Multispeciality Hospital,1204735555-1302
2504,Idst Mayo Hospital Blood Bank,8449711767
2505,Bhagwan Buddha Charitable Blood Bank,0120-4356147
2506,Dev Nandani Hospital Blood Bank,0122 3200800
2507,Rama Medical College and Research Centre Blood Bank ,0122 2327300
2508,Narinder Mohan Hospital and Heart Centre,0120 2657501-505
2509,District Hospital Blood Bank,
2510,District Hospital Blood Bank,05262 225358
2511,S.M. Medicare Private Limited,0551 2338797
2512,City Blood Bank,0551 2346357
2513,Air Force Hospital Blood Bank,0551 2272381
2514,District Hospital Blood Bank,0551 2332203
2515,Nehru Hospital and B.R.D. Medical College,0551 2508815
2516,Guru Shri Gorakhnath Chikitsalaya Blood Bank,0551 2257138
2517,Fatima Hospital Blood Bank,0551 2281862
2518,Savitri Blood Bank and Component Centre,0551 2205914
2519,Shree Lakhan Sewa Kailashi Chairitable Blood Bank,7269826744
2520,District Hospital Blood Bank,9412336877
2521,Saraswathi Institute of Medical Science,0122 2320511
2522,G S Medical College & Hospital  Blood Bank,0120-2791623
2523,District Hospital Blood Bank,9670783667
2524,Bagla Combined District Hospital Blood Bank,05722 230094
2525,Government Medical College and Hospital Blood Bank,05162 210201
2526,District Hospital Blood Bank,05452 263554
2527,M/s Isha Hospital Blood Bank,07535945945
2528,Krishna Hart Care & Maternity Home,
2529,Sant Diagnostic Centre and Blood Bank,0510 2320831
2530,MLB Medical College and Hospital,9450939194
2531,District Hospital Blood Bank,0510 2448442
2532,St. Judes Hospital Blood Bank,0510 2360957
2533,"Life Line Blood Bank, Military Hospital",0510 6516
2534,Gaurav Diagnostic Center and Blood Bank,0510 2320824
2535,Nirmal Hospital Blood Bank,0510 2322028
2536,Parakh Voluntary Blood Bank ,0510 2321134
2537,Combined District Hospital Blood Bank,05694 237627
2538,B.S.D.B.A. Government Medical College and Hospital,9415527666
2539,Combined District Hospital (M) Blood Bank,05111 270728
2540,Mariampur Hospital and Blood Bank,0512 216788
2541,Life Line Blood Bank,0512 2295797
2542,Regency Hospital Limited,0512 2242201-10
2543,GSVM Medical College Blood Bank,7706922922
2544,Sanjeevani Blood Bank,8005192796
2545,Sneh Pathology X-ray and Blood Bank,0512 2601408
2546,"UHM, District Hospital",0512 2311144
2547,Air Force Hospital,0581 2403584
2548,CLM Hospital and Blood Bank,0512 2241595
2549,Sai Blood Bank,0512 2607720
2550,Rama Medical College Hospital and Research Centre,0512 2780882
2551,LPS Institute of Cardiology,0512 2532269
2552,Tulsi Hospital Limited,0512 2536404
2553,Krishna Super Speciality Hospital ,0512 2320061
2554,Mayanjali Charitable Blood Bank ,0512-2303228
2555,Madhulok Hospital,9598060515
2556,SPM Hospital Research and Trauma Centre Blood Bank,0512 2570553
2557,District Hospital,
2558,Combined District Hospital,05331 232030
2559,Joint District Hospital,05564 240549
2560,District Hospital,9415543070
2561,District Hospital,05176 272343
2562,Dr. Shankuntala Misra Blood Bank,5222999862
2563,Career Institute of Medical Sciences and Hospital Blood Bank ,0522 2960429
2564,Indira Diagnostic and Blood Bank Limited,0522 2380084
2565,Sanjay Gandhi Post-Graduate Institute (SGPGI),0522 2494500
2566,Sh. Chattrapati Shivaji Maharaj Chikitsalaya University,9335349791
2567,Balrampur Hospital Blood Bank,0522 22624040
2568,Command Hospital Blood Bank,0522 2296288
2569,Dr. Shyama Prasad Mukharjee Civil Hospital,0522 2239595
2570,Vivekanand Polyclinic and Institute of Medical Sciences,0522 2328942
2571,Kohli Blood Bank and Components Private limited,0522 2259004
2572,Eras Medical College and Hospital Blood Bank,0522 2408122
2573,Shekhar Hospital Private Limited Blood Bank,0522 2352352
2574,Nidan Diagnostic Centre and Blood Bank,0522 2393390
2575,Dr Ram Manohar Lohia Institute of Medical Sciences,09997031902
2576,St. Joseph Hospital Blood Bank,0522 4054247
2577,B.N.K. Hospital Blood Bank,0522 4049945
2578,Lucknow Nursing Home Association Blood Bank,0522 4070185
2579,Sahara Hospital Blood Bank,0522 6781680
2580,Divine Heart Hospital and Research Centre Blood Bank,0522 2721991
2581,Nova Hospital Limited,0522 2300024
2582,Fatima Hospital Blood bank,0522 2961196
2583,Dr O P Choudhery Hospital Blood Bank,0522 2441172
2584,Integral Institute of Medical Sciences and Research Blood Bank,0522 2890730
2585,Medison Hospital Private Limited Blood Bank,0522 2739917
2586,Fehmina Hospital and Blood Bank,7860059998
2587,GCRG Memorial Hospital & Charitable Blood Bank,9559662557
2588,M.C. Saxena College of Medical Sciences Charitable Blood Bank,9559912233
2589,Charak Hospital and Research Center Blood Bank,9415410623
2590,Prasad Institute Of Medical Sciences,9235407888
2591,Combined District Hospital,05523 222204
2592,District Hospital,
2593,District Hospital Blood Bank,
2594,Agrawal Life Line Hospital and Trauma Centre Blood Bank,0565 2430857
2595,K.D. Medical College Hospital & Research Centre Blood Bank,7055400500
2596,District Hospital Blood Bank,0565 2401199
2597,Sadbhawna Charitable Blood Bank,5652421198
2598,"Rotary Blood Bank, Rotary Point",8171911911
2599,Nayati Blood Bank,0124-6678484
2600,Krishna Mohan Hosp,8477000180
2601,Ramakrishna Mission Sevashrama ,0565 2442310
2602,Fatima Hospital Blood Bank,0547 220943
2603,Combined District Hospital,9927612995
2604,Kailashi Super Speciality Hospital,0121-2632226
2605,Military Hospital,0121 2643012
2606,Lokpriya Hospital Blood Bank,0121 2760040
2607,SVBP Hospital Blood Bank,0121 2763647
2608,P.L. Sharma Hospital Blood Bank,
2609,Subharti Hospital Blood Bank,0121 2439150
2610,Sanjeevani Blood Bank,0121 2525864
2611,Kamana Hospital and Research Centre,0121 4002113
2612,Anand Hospital Blood Bank,0121 2792000
2613,Jaswant Rai Specialty Hospital Blood Bank,0121 2663888
2614,Vadhava Blood Bank ,9412746144
2615,Krilashi Super Specialty Hospital Blood Bank,
2616,Radha Govind Hospital Blood Bank,7055005923
2617,SDS Global Super Speciality Hospital,
2618,District Hospital Blood Bank,05442 253092
2619,Pt. Deen Dayal Upadhaya Combined District Hospital,0591 2410670
2620,Venkateshwara Institute of Medical Sciences ,
2621,Asian Vivekanand Super Specialty Hospital Blood Bank,0591 2551100
2622,Dr. Chaturvedi Central Blood Bank,0591 2413857
2623,Sri Sai Hospital and Blood Bank,0591 2481720
2624,Teerthankar Mahaveer Hospital and Research Centre,0591 2476819
2625,"Cosmos Hospital, Multi Speciality and Trauma Centre",0591 2555500
2626,District Hospital Blood Bank,
2627,Sahu Rameshwar Saran Kothiwal Hospital & Heart Care Centre (Blood Bank),0591-2452995
2628,IMA Blood Bank (Run by Indian Medical Association),
2629,S.D. Medical Institute and Research Centre Blood Bank ,0131 2607279
2630,District Hospital Blood Bank,0131 2440407
2631,Muzaffarnagar Medical College and Hospital,01396 52702
2632,District Hospital,9415030192
2633,Jeevan Rekha Charitable Blood Bank,05882 253269
2634,District Hospital Blood Bank,9415486482
2635,District Hospital Blood Bank,
2636,District Hospital Blood Bank,0595 2324687
2637,Maulana Mohamad Ali Johar Hospital,0595 2341916
2638,Tarawati Nursing Home Private Limited Blood Bank,0132 2716003
2639,"SBD, District Hospital",0132 2715408
2640,"Lions Club City Lion, Blood Bank",
2641,"Glocal Medical College, Super Specialty Hospital & Research Centre Blood Bank",13222716234
2642,Shaikh-Ul-Hind Maulana Mahamood Hasan Medical College,9557033929
2643,B S Hospital & Heart Centre Blood Bank,
2644,Dr. Sachin Saxena Charitable Blood  Bank,9837089591
2645,District Hospital Blood Bank,05547 226392
2646,Jeevandeep Hospital Blood Bank & Componant Center,5414224503
2647,Jeevan Deep Hospital Private Limited Blood Bank,
2648,Maharaja Chet Singh District Hospital,04414 251406
2649,District Hospital Blood Bank,05842 240209
2650,Swami Vivekanand Charitable Blood Bank,05842 280224
2651,Dr. B.N. Behl Memorial Hospital Blood Bank,05842 280994
2652,Rohilkhand Hospital Blood Bank,7080802008
2653,Shamli Charitable Blood Bank,9813096886
2654,Amba Charitable Blood Bank,9897593595
2655,District Combined Hospital Blood Bank,05250 222704
2656,District Hospital,
2657,Hind Institute of Medical Sciences Blood Bank,
2658,District Hospital,
2659,BCM Hospital Blood Bank,05862 252228
2660,Hind Blood Bank And Component Center,0522-4927277
2661,Hindalco Hospital Blood Bank,05446 252077
2662,District Joint Hospital,9161349145
2663,Sanjay Gandhi Hospital Blood Bank,05368 255009
2664,District Hospital Blood Bank,9415168259
2665,F.I&#39;S Maulana Ali Main Institute Of Medical Sciences Blood Bank,9918595211
2666,District Hospital Blood Bank,0515 2840149
2667,Saraswati Blood Bank,0515 3070000
2668,Popular Medicare Limited Hospital Blood Bank ,9415228591
2669,Banaras Heart Hospital Component Blood Bank,0542 2224567
2670,Shri Shiv Prasad Gupta Mandliya Zilla Chikitsalaya,09412487707
2671,Heritage Hospital,0542 2368888
2672,Lions Vishal Blood Bank (Indian Medical Association),0542 2414122
2673,Sir Sunderlal Hospital Blood Bank,0542 2369237
2674,Santushti Hospital Private Limited Blood Bank,0542 2316230
2675,Apex Hospital Component Blood Bank ,0542 2316794
2676,Pt. Deen Dayal Upadhayay Government Hospital,0542 2505073
2677,Heritage Institute of Medical Sciences Blood Bank ,9415226197
2678,AIIMS Rishikesh,0135-2462967
2679,District Hospital ,0596 223 0225
2680,Govind Singh Mahra Government Hospital Blood Bank,05962 30064
2681,Gopeshwar (Chamoli) District Hospital Blood Bank,01372 222230
2682,"Doon Hospital, District Hospital Blood Bank ",9456174232
2683,IMA Blood Bank of Uttarakhand,0135 2755010
2684,Max Super Speciality Hospital Blood Bank,0135 6673031
2685,Sainik (Military Hospital) Hospital Blood Bank,0135 2702413
2686,Shri Mahant Indiresh Hospital Blood Bank,0135 2522270
2687,Himalayan Institute Trust Blood Bank,0135 247 1455
2688,SPS Government Hospital Blood Bank,0135 2430096
2689, AIIMS Rishikesh,0135 2462967
2690,HMG District Hospital Blood Bank Haridwar,09412379159
2691,Ramakrishna Mission Sevashrana Blood Bank,1334244985
2692,BHEL Hospital Blood Bank ,1334281217
2693,Government Combined Hospital Blood Bank Roorkee,133 2264333
2694,Sainik Hospital Blood Bank,01332 279976
2695,Dr. Susheela Tiwari Memorial Hospital Blood Bank,09997244005
2696,Soban Singh Jeena Base Hospital (SSJ) Blood Bank,0594 625 0223
2697,Government Combined Hospital Blood Bank,01382 222021
2698,District Hospital Blood Bank,01368 222086
2699,H.N. Bahuguna Government Base Hospital Blood Bank,01346 222706
2700,B.D. Pandey District Hospital Blood Bank,05942 235022
2701,B.D. Pandey (P) Hospital Blood Bank,05964 25687
2702,L.D. Bhatt Governmentt Hospital Kashipur,05947 278443
2703,Jeevan Rekha Hospital Blood Bank,05947 261203
2704,Chamunda Hospital Blood Bank ,9411270462
2705,Jawahar Lal Nehru District Hospital (JLN ) Blood Bank,9412088195
2706,Uttarkashi District Hospital Blood Bank,0137 422 2082
2707,Barasat District Hospital Blood Bank,033 25840347
2708,Base Hospital Blood Bank Barrackpore,
2709,Barrackpore S.D. Hospital (Dr. B.N. Bose) Hospital Blood Bank,033 25923676
2710,S.D. Hospital Blood Bank Basirhat,03217 267506
2711,Bongaon S.D. Hospital Blood Bank (Dr. J.R. Dhar),03215 255073
2712,Canning Sub Divisional Hospital Blood Bank,03218 255 242
2713,Diamond Harbour Hospital Blood Bank,03174 255237
2714,Baruipur Sub-Divisional Hospital Blood Bank,033 2433 5303
2715,Bankura Sammilani Medical College and Hospital Blood Bank,03242 241366
2716,Little Heart Childrens Hospital Private Limited Blood Bank,03242 243352
2717,Bishnupur S.D. Hospital Blood Bank ,03244 253075
2718,Khatra SD Hospital Blood Bank,03243-256029
2719,Asansol District Hospital Blood Bank ,0341  2304040
2720,ECL Central Hospital Kalla Blood Bank ,0341 221910
2721,Divisional Railway Hospital Blood Bank Asansol,0341 2220529
2722,Kasturba Gandhi Hospital Blood Bank,0341 252 5645
2723,Rashmi Blood bank,0342 2657251
2724,Burdwan Medical College and Hospital Blood Bank,03422665908
2725,Burnpur Hospital SAIL-ISP Blood Bank,0341 2231332
2726,Sanctoria Hospital Blood Bank,0341 2523576
2727,Bidhannagar Sub-Divisional Hospital Blood Bank ,0343 253 4153
2728,Durgapur Steel Plant Hospital Blood Bank,03432746319
2729,The Mission Hospital Blood Bank (A Unit of Durgapur Medical Centre Private Limited),0343 2535555
2730,Vivekananda Hospital Private Limited Blood bank,0343 2532430
2731,IQ City Narayana Multispeciality Hospital Blood Bank,0343 2608522
2732,Kalna Sub Divisional Hospital Blood Bank ,03454 255052
2733,"Hemraj Blood Bank, Katwa S.D. Hospital",03453 255060
2734,Life Line Blood Bank,0341 2440590
2735,Rampurhat S.D. Hospital Blood Bank,03461 255102
2736,Bolpur Sub Divisional Hospital Blood Bank,03463 221136
2737,Suri Sadar District Hospital Blood Bank,03462 255483
2738,Cooch Behar Municipality Hospital Blood Bank,03582 222286
2739,M.J.N Hospital Blood Bank,03582 231049
2740,"St. John Ambulance Association, Cooch Berar District Centre",03582 227693
2741,Balurghat District Hospital Blood Bank,03522 255 288
2742,Base Hospital and Blood Bank,8116603913
2743,Darjeeling District Hospital Blood Bank ,03542 2254218
2744,S.D. Hospital Blood Bank Siliguri,0353 2533133
2745,Kalimpong Sub Divisional Hospital Blood Bank ,03552 255 363
2746,Kurseong Sub Divisional Hospital Blood Bank ,0354 2344333
2747,North Bengal Medical College Hospital Blood Bank,03532585174
2748,North Bengal Voluntary Blood Bank and Research Centre,0353 2529077
2749,Siliguri Terai Lions Charitable Trust Blood Bank ,0353 2548925
2750,"Paul P. Harris, Siliguri Rotary Blood Bank",0353 2573240
2751,Arambagh Sub Divisional Hospital Blood Bank ,03211 255962
2752,Imambara Sadar Hospital Blood Bank,033 26800236
2753,Chandannagar Sub Divisional Hospital Blood Bank ,033 2683 5398
2754,Walsh Hospital  Blood Bank,033 26526305
2755,Sanjiban Hospital Blood Bank,033 71666026
2756,Howrah Orthopaedic Hospital Blood Bank,033-26413688
2757,Howrah District Hospital Blood Bank,033 26411227
2758,Uluberia Sub-Divisional Hospital Blood Bank ,033 26612928
2759,"Blood Bank, 164, Millitary Hospital",0356 3259773
2760,Air Force Hospital Blood Bank,03566 255060
2761,Alipurduar Sub Divisional Hospital Blood Bank ,03564 274085
2762,Jalpaiguri Sub Divisonal Hospital Blood Bank,03561 220047
2763,B.M. Birla Heart Research Centre Blood Bank,033 30403040
2764,B.R. Singh Hospital Blood Bank,033 23523679
2765,Belle Vue Clinic Blood Bank,033 22872321
2766,Bhoruka Research Centre for Haematology and Blood Transfusion,033 22658092
2767,Peerless Hospital and Research Center Limited Blood Bank,03211 24622394
2768,Mission of Mercy Hospital and Research Centre Blood Bank,033 66352095
2769,Apollo Gleneagles Hospital Limited Blood Bank,033 23202122
2770,Barasat Cancer Research and Welfare Centre Blood Bank,033 25522222
2771,Central Hospital Blood Bank,033 24504074
2772,Command Hospital (EC) Blood Bank,033 22226415
2773,Chittaranjan National Cancer Institute Blood Bank,033 24765101
2774,Calcutta National Medical College Hospital Blood Bank,033 22848397
2775,Indian Association of Blood Cancer and Allied Diseases,033 64610972
2776,Institute of Blood Transfusion Medicine and Immunohaematology,033 23510619
2777,"ESI Hospital, Maniktala Blood Bank",033 23557212
2778,Lions District 322B1 Blood Bank,033 2248 5778
2779,Calcutta Medical College Hospital Blood Bank,033 22551591
2780,Marwari Relief Society Blood Bank,033 22745675
2781,Life Care Medical Complex Private Limited Blood Bank,033 22846940
2782,N.R.S. Medical College and Hospital Blood Bank,033 22652214
2783,M.R. Bangur Hospital Blood Bank,033 24727873
2784,Peoples Blood Bank,033 24555164
2785,Blood Bank Ramkrishna Mission Seva Prathisthan,033 24753636
2786,R.G. Kar Medical College and Hospital Blood Bank,033 25331277
2787,S.S.K.M Hospital Blood Bank,033 22234147
2788,Woodland Multispeciality Hospital Limited Blood Bank,033- 2456 7075
2789,Saroj Gupta Cancer Centre and Research Institute Blood Bank,033 24532781
2790,The Haemophilia Society Calcutta Chapter Blood Bank,033 24263739
2791,KPC Medical College and Hospital,033 66211765
2792,Health Point - A Multispeciality Hospital Blood Bank,033 64556455
2793,"Ashok Laboratory, Centre for Transfusion, Medicine and Clinical Research",033 24148250
2794,"Blood Bank, ESIC Hospital and ODC (E.Z.)",033 24381631
2795,Cord Life Sciences India Private Limited Blood Bank,098713 21804
2796,Fortis Hospitals Limited Blood Bank,033 - 66284230
2797,Tata Medical Centre Trust Blood Bank,0322 4269048
2798,Institute of Child Health Blood Bank,033 22905686
2799,Medica Super Specialty Hospital Blood Bank,033 66525000
2800,College of Medicine and Sagore Dutta Hospital Blood Bank,033 25834277
2801,AMRI Hospital Ltd Blood Banks,
2802,Malda Medical College & Hospital Blood bank,03512) 221087
2803,Contai Sub Divisional Hospital Blood Bank,03220- 254464
2804,Haldia Sub Divisional Hospital Blood Bank,032 24277441
2805,"Dr. Bidhan Chandra Roy Hospital Blood Bank, Haldia (A Unit of ICARE)  ",0322 4269225
2806,Purba Medinipur District Hospital Blood bank,03228 263233
2807,Ghatal Sub Divisonal Hospital Blood Bank ,03225 255064
2808,Jhargram Blood Bank,03221 259789
2809,Kharagpur Sub Divsional Hospital Blood Bank ,03222 221860
2810,"South Eastern Railway Main Hospital Blood Bank, Kharagpur",03222 292195
2811,Midnapur Medical College and Hospital Blood Bank,03222 261007
2812,S.D. Hospital Blood Bank Jangipur,03483 266257
2813,S.D. Hospital Blood Bank Kandi,03484 255401
2814,"S.D. Hospital,Lalbagh",03482 270247
2815,Baharampur District Hospital Blood Bank,03482 252332
2816,Gandhi Memorial Hospital Blood Bank,033 25898443
2817,Nadia District Hospital Blood Bank Krishnanagar (Saktinagar),03472 258533
2818,S.D. Hospital Blood Bank  Ranaghat ,03473 210043
2819,Jawaharlal Nehru Memorial Hospital Blood Bank,033 25828386
2820,Nabadwip SGH Blood Bank,9434160366
2821,Deben Mahato (Sadar) Hospital Blood Bank,03252 222678
2822,Sub Divisional Hospital Blood Bank Islampur,9830385878
2823,"Raiganj Blood Bank, Uttar Dinajpur Raiganj District Hospital",03523 241400
